kode,1,2,3,4,5,6,7,8,9,10,11,12,13,14,15,16,17,18,19,20,21,22,23,24,25,26,27,28,29,30,31,32,33,34,35,36,37,38,39,40,41,42,43,44,45,46,47,48,49,50,51,52,53,54,55,56,57,58,59,60,61,62,63,64,65,66,67,68,69,70,71,72,73,74,75,76,77,78,79,80,81,82,83,84,85,86,87,88,89,90,91,92,93,94,95,96,97,98,99,100,101,102,103,104,105,106,107,108,109,110,111,112,113,114,115,116,117,118,119,120,121,122,123,124,125,126,127,128,129,130,131,132,133,134,135,136,137,138,139,140,141,142,143,144,145,146,147,148,149,150,151,152,153,154,155,156,157,158,159,160,161,162,163,164,165,166,167,168,169,170,171,172,173,174,175,176,177,178,179,180,181,182,183,184,185
1,21245629.0,0.0,0.0,0.0,0.0,0.0,0.0,0.0,0.0,0.0,0.0,0.0,0.0,0.0,0.0,0.0,0.0,0.0,0.0,0.0,0.0,0.0,0.0,0.0,0.0,1341712.0,151784.0,411729.0,298488.0,0.0,0.0,0.0,137340.0,244333.0,0.0,0.0,0.0,0.0,0.0,0.0,0.0,0.0,0.0,0.0,0.0,0.0,0.0,0.0,0.0,0.0,0.0,0.0,0.0,0.0,0.0,0.0,0.0,0.0,0.0,0.0,0.0,0.0,246375356.0,0.0,0.0,0.0,0.0,0.0,0.0,0.0,268.0,12157762.0,7066.0,0.0,0.0,0.0,0.0,0.0,0.0,0.0,0.0,0.0,0.0,0.0,0.0,0.0,0.0,0.0,0.0,0.0,0.0,0.0,0.0,0.0,0.0,0.0,0.0,0.0,0.0,0.0,0.0,0.0,0.0,0.0,0.0,0.0,0.0,0.0,0.0,0.0,0.0,0.0,0.0,0.0,0.0,0.0,0.0,0.0,0.0,0.0,0.0,0.0,0.0,0.0,0.0,0.0,0.0,0.0,0.0,0.0,0.0,0.0,0.0,0.0,0.0,0.0,0.0,0.0,0.0,0.0,0.0,0.0,0.0,0.0,0.0,0.0,0.0,0.0,0.0,0.0,0.0,0.0,0.0,0.0,0.0,2016087.0,0.0,199150.0,0.0,0.0,0.0,0.0,0.0,0.0,0.0,0.0,0.0,0.0,0.0,0.0,0.0,0.0,0.0,0.0,0.0,0.0,172297.0,0.0,0.0,0.0,84812.0,0.0,0.0,0.0,0.0
2,0.0,3818066.0,0.0,0.0,0.0,0.0,0.0,0.0,0.0,0.0,0.0,0.0,0.0,0.0,0.0,0.0,0.0,0.0,0.0,0.0,0.0,0.0,0.0,0.0,0.0,491240.0,359363.0,1868479.0,51583.0,0.0,0.0,0.0,447882.0,30033.0,10171.0,0.0,0.0,0.0,0.0,0.0,0.0,0.0,0.0,0.0,0.0,0.0,0.0,0.0,0.0,0.0,0.0,0.0,0.0,0.0,0.0,0.0,0.0,1733267.0,0.0,0.0,4639432.0,113244.0,0.0,0.0,4466.0,0.0,0.0,1594641.0,0.0,905244.0,8492975.0,27817233.0,83755.0,220170.0,1275169.0,77776.0,0.0,0.0,0.0,0.0,0.0,0.0,0.0,0.0,0.0,0.0,0.0,0.0,0.0,0.0,0.0,0.0,0.0,0.0,0.0,0.0,0.0,0.0,0.0,0.0,0.0,0.0,0.0,0.0,0.0,510.0,0.0,0.0,0.0,0.0,0.0,0.0,0.0,0.0,0.0,0.0,0.0,0.0,0.0,0.0,0.0,0.0,0.0,0.0,0.0,0.0,0.0,0.0,0.0,0.0,0.0,0.0,0.0,0.0,0.0,0.0,0.0,0.0,0.0,0.0,0.0,0.0,0.0,0.0,0.0,0.0,0.0,0.0,0.0,0.0,0.0,0.0,0.0,0.0,0.0,0.0,0.0,0.0,0.0,0.0,0.0,0.0,0.0,256327.0,10686503.0,0.0,0.0,0.0,0.0,0.0,0.0,0.0,0.0,0.0,0.0,0.0,152340.0,384.0,5668.0,68.0,30700.0,306931.0,71937.0,0.0,98393.0
3,0.0,0.0,468534.0,0.0,0.0,0.0,0.0,0.0,0.0,0.0,0.0,0.0,0.0,0.0,0.0,0.0,0.0,0.0,0.0,0.0,0.0,0.0,0.0,0.0,0.0,82536.0,44929.0,51317.0,6664.0,0.0,0.0,0.0,0.0,0.0,0.0,0.0,0.0,0.0,0.0,0.0,0.0,0.0,0.0,0.0,0.0,0.0,0.0,0.0,0.0,0.0,0.0,0.0,0.0,0.0,0.0,0.0,6726.0,0.0,0.0,0.0,383925.0,0.0,0.0,0.0,521.0,0.0,0.0,0.0,0.0,0.0,1209103.0,36820.0,24.0,0.0,0.0,0.0,0.0,0.0,0.0,0.0,0.0,0.0,0.0,0.0,0.0,0.0,0.0,0.0,0.0,0.0,0.0,0.0,0.0,0.0,0.0,0.0,0.0,0.0,0.0,0.0,0.0,0.0,0.0,0.0,0.0,156.0,0.0,0.0,0.0,0.0,0.0,0.0,0.0,0.0,0.0,0.0,0.0,0.0,0.0,0.0,0.0,0.0,0.0,0.0,0.0,0.0,0.0,0.0,0.0,0.0,0.0,0.0,0.0,0.0,0.0,0.0,0.0,0.0,0.0,0.0,0.0,0.0,0.0,0.0,0.0,0.0,0.0,0.0,0.0,0.0,0.0,0.0,0.0,0.0,0.0,0.0,0.0,0.0,0.0,0.0,0.0,0.0,0.0,47797.0,561366.0,0.0,0.0,0.0,0.0,0.0,0.0,0.0,0.0,0.0,0.0,0.0,3556.0,212.0,103766.0,27.0,3520.0,45938.0,193077.0,0.0,1258.0
4,0.0,0.0,0.0,3078120.0,0.0,0.0,0.0,0.0,0.0,0.0,0.0,0.0,0.0,0.0,0.0,0.0,0.0,0.0,0.0,0.0,0.0,0.0,0.0,0.0,0.0,341921.0,45238.0,264410.0,17152.0,252.0,0.0,0.0,67671.0,355.0,146.0,0.0,0.0,0.0,0.0,0.0,0.0,0.0,0.0,0.0,0.0,0.0,0.0,0.0,0.0,0.0,0.0,0.0,0.0,0.0,0.0,0.0,0.0,0.0,0.0,0.0,7955946.0,217613.0,0.0,0.0,88060.0,0.0,0.0,0.0,0.0,0.0,14646320.0,1725987.0,2214.0,0.0,0.0,0.0,0.0,0.0,0.0,0.0,0.0,0.0,0.0,0.0,0.0,0.0,0.0,0.0,0.0,0.0,0.0,0.0,0.0,0.0,0.0,0.0,0.0,0.0,0.0,0.0,0.0,0.0,0.0,0.0,0.0,310.0,0.0,0.0,0.0,0.0,0.0,0.0,0.0,0.0,0.0,0.0,0.0,0.0,0.0,0.0,0.0,0.0,0.0,0.0,0.0,0.0,0.0,0.0,0.0,0.0,0.0,0.0,0.0,0.0,0.0,0.0,0.0,0.0,0.0,0.0,0.0,0.0,0.0,0.0,0.0,0.0,0.0,0.0,0.0,0.0,0.0,0.0,0.0,0.0,0.0,0.0,0.0,0.0,0.0,0.0,0.0,0.0,0.0,174835.0,12568256.0,0.0,0.0,0.0,0.0,0.0,0.0,0.0,0.0,0.0,0.0,0.0,1147.0,117.0,41169.0,54.0,12909.0,36740.0,112020.0,0.0,893.0
5,0.0,0.0,0.0,0.0,130843.0,0.0,0.0,0.0,0.0,0.0,0.0,0.0,0.0,0.0,0.0,0.0,0.0,0.0,0.0,0.0,0.0,0.0,0.0,0.0,0.0,144426.0,21287.0,76.0,212.0,0.0,0.0,0.0,0.0,0.0,0.0,0.0,0.0,0.0,0.0,0.0,0.0,0.0,0.0,0.0,0.0,0.0,0.0,0.0,0.0,0.0,0.0,0.0,0.0,0.0,0.0,0.0,0.0,0.0,0.0,0.0,29330.0,0.0,0.0,0.0,0.0,0.0,122.0,0.0,0.0,0.0,806157.0,68503.0,32.0,385.0,0.0,0.0,0.0,0.0,0.0,0.0,0.0,0.0,0.0,0.0,0.0,0.0,0.0,0.0,0.0,0.0,0.0,0.0,0.0,0.0,0.0,0.0,0.0,0.0,0.0,0.0,0.0,0.0,0.0,0.0,0.0,83.0,0.0,0.0,0.0,0.0,0.0,0.0,0.0,0.0,0.0,0.0,0.0,0.0,0.0,0.0,0.0,0.0,0.0,0.0,0.0,0.0,0.0,0.0,0.0,0.0,0.0,0.0,0.0,0.0,0.0,0.0,0.0,0.0,0.0,0.0,0.0,0.0,0.0,0.0,0.0,0.0,0.0,0.0,0.0,0.0,0.0,0.0,0.0,0.0,0.0,0.0,0.0,0.0,0.0,0.0,0.0,0.0,0.0,69016.0,209019.0,0.0,0.0,0.0,0.0,0.0,0.0,0.0,0.0,0.0,0.0,0.0,73295.0,3803.0,233727.0,5510.0,2922.0,17691.0,50278.0,0.0,11076.0
6,0.0,0.0,0.0,0.0,0.0,273532.0,0.0,0.0,0.0,0.0,0.0,0.0,0.0,0.0,0.0,0.0,0.0,0.0,0.0,0.0,0.0,0.0,0.0,0.0,0.0,31884.0,914.0,14353.0,2271.0,0.0,0.0,0.0,0.0,0.0,0.0,0.0,0.0,0.0,0.0,0.0,0.0,0.0,0.0,0.0,0.0,0.0,0.0,0.0,0.0,0.0,0.0,0.0,0.0,0.0,0.0,0.0,443328.0,16644.0,0.0,0.0,503477.0,0.0,0.0,0.0,0.0,0.0,0.0,342.0,0.0,0.0,2410591.0,399185.0,0.0,25995.0,0.0,0.0,0.0,0.0,0.0,0.0,0.0,0.0,0.0,0.0,0.0,0.0,0.0,0.0,0.0,0.0,0.0,0.0,0.0,0.0,0.0,0.0,0.0,0.0,0.0,0.0,0.0,0.0,0.0,0.0,779.0,48.0,0.0,0.0,0.0,0.0,0.0,0.0,0.0,0.0,0.0,0.0,0.0,0.0,0.0,0.0,0.0,0.0,0.0,0.0,0.0,0.0,0.0,0.0,0.0,0.0,0.0,0.0,0.0,0.0,0.0,0.0,0.0,0.0,0.0,0.0,0.0,0.0,0.0,0.0,0.0,0.0,0.0,0.0,0.0,0.0,0.0,0.0,0.0,0.0,0.0,0.0,0.0,0.0,0.0,0.0,0.0,0.0,0.0,17964.0,394998.0,0.0,0.0,0.0,0.0,0.0,0.0,0.0,0.0,0.0,0.0,0.0,36810.0,2275.0,4687.0,3539.0,8704.0,19012.0,23843.0,0.0,30646.0
7,0.0,0.0,0.0,0.0,0.0,0.0,195011.0,0.0,0.0,0.0,0.0,0.0,0.0,0.0,0.0,0.0,0.0,0.0,0.0,0.0,0.0,0.0,0.0,0.0,0.0,15432.0,99.0,1039.0,988.0,0.0,0.0,0.0,0.0,0.0,0.0,0.0,0.0,0.0,0.0,0.0,0.0,0.0,0.0,0.0,0.0,0.0,0.0,0.0,0.0,0.0,0.0,0.0,0.0,0.0,0.0,0.0,1464129.0,5580.0,0.0,0.0,335003.0,0.0,0.0,0.0,0.0,0.0,0.0,51.0,0.0,16229170.0,15000.0,3916.0,1602.0,56875.0,0.0,0.0,0.0,0.0,0.0,0.0,0.0,0.0,0.0,0.0,0.0,0.0,0.0,0.0,0.0,0.0,0.0,0.0,0.0,0.0,0.0,0.0,0.0,0.0,0.0,0.0,0.0,0.0,0.0,0.0,101.0,25.0,0.0,0.0,0.0,0.0,0.0,0.0,0.0,0.0,0.0,0.0,0.0,0.0,0.0,0.0,0.0,0.0,0.0,0.0,0.0,0.0,0.0,0.0,0.0,0.0,0.0,0.0,0.0,0.0,0.0,0.0,0.0,0.0,0.0,0.0,0.0,0.0,0.0,0.0,0.0,0.0,0.0,0.0,0.0,0.0,0.0,0.0,0.0,0.0,0.0,0.0,0.0,0.0,0.0,0.0,0.0,0.0,0.0,49.0,7452.0,0.0,0.0,0.0,0.0,0.0,0.0,0.0,0.0,0.0,0.0,0.0,35523.0,100.0,1963.0,89.0,3742.0,4156.0,3778.0,0.0,17573.0
8,0.0,0.0,0.0,0.0,0.0,0.0,0.0,525023.0,0.0,0.0,0.0,0.0,0.0,0.0,0.0,0.0,0.0,0.0,0.0,0.0,0.0,0.0,0.0,0.0,0.0,9389.0,280.0,5610.0,1457.0,0.0,0.0,0.0,0.0,0.0,0.0,0.0,0.0,0.0,0.0,0.0,0.0,0.0,0.0,0.0,0.0,0.0,0.0,0.0,0.0,0.0,0.0,0.0,0.0,0.0,0.0,0.0,0.0,57.0,0.0,0.0,9331.0,0.0,0.0,48401.0,0.0,0.0,0.0,78.0,0.0,57879.0,215944.0,37946.0,23.0,182523.0,0.0,0.0,0.0,0.0,0.0,0.0,0.0,0.0,0.0,0.0,0.0,0.0,0.0,0.0,0.0,0.0,0.0,0.0,0.0,0.0,0.0,0.0,0.0,0.0,0.0,0.0,0.0,0.0,0.0,0.0,595.0,9.0,0.0,0.0,0.0,0.0,0.0,0.0,0.0,0.0,0.0,0.0,0.0,0.0,0.0,0.0,0.0,0.0,0.0,0.0,0.0,0.0,0.0,0.0,0.0,0.0,0.0,0.0,0.0,0.0,0.0,0.0,0.0,0.0,0.0,0.0,0.0,0.0,0.0,0.0,0.0,0.0,0.0,0.0,0.0,0.0,0.0,0.0,0.0,0.0,0.0,0.0,0.0,0.0,0.0,0.0,0.0,0.0,0.0,3345.0,70896.0,0.0,0.0,0.0,0.0,0.0,0.0,0.0,0.0,0.0,0.0,0.0,0.0,1196.0,1388.0,356.0,14103.0,28298.0,14170.0,0.0,67025.0
9,0.0,0.0,0.0,0.0,0.0,0.0,0.0,0.0,28143.0,0.0,0.0,0.0,0.0,0.0,0.0,0.0,0.0,0.0,0.0,0.0,0.0,0.0,0.0,0.0,0.0,0.0,0.0,4696.0,153673.0,0.0,0.0,0.0,0.0,0.0,0.0,0.0,0.0,0.0,0.0,0.0,0.0,0.0,0.0,0.0,0.0,0.0,0.0,0.0,0.0,0.0,0.0,0.0,0.0,0.0,0.0,0.0,0.0,6837796.0,0.0,0.0,2580462.0,25408585.0,0.0,0.0,82233.0,18988.0,0.0,0.0,0.0,0.0,142483.0,13588.0,2613194.0,3055.0,0.0,0.0,0.0,0.0,0.0,0.0,0.0,0.0,0.0,0.0,0.0,0.0,0.0,0.0,0.0,0.0,0.0,0.0,0.0,0.0,0.0,0.0,0.0,0.0,0.0,0.0,0.0,0.0,0.0,15239.0,24251.0,0.0,0.0,0.0,0.0,0.0,0.0,0.0,0.0,0.0,0.0,0.0,0.0,0.0,0.0,0.0,0.0,0.0,0.0,0.0,0.0,0.0,0.0,0.0,0.0,0.0,0.0,0.0,0.0,0.0,0.0,0.0,0.0,0.0,0.0,0.0,0.0,0.0,0.0,0.0,0.0,0.0,0.0,0.0,0.0,0.0,0.0,0.0,0.0,0.0,0.0,0.0,0.0,0.0,0.0,0.0,0.0,0.0,0.0,401824.0,1769850.0,0.0,0.0,0.0,0.0,0.0,0.0,0.0,0.0,0.0,0.0,0.0,0.0,22611.0,25722.0,42581.0,110868.0,418389.0,23802.0,0.0,511147.0
10,0.0,0.0,0.0,0.0,0.0,0.0,0.0,0.0,0.0,7102609.0,0.0,0.0,0.0,0.0,0.0,0.0,0.0,0.0,0.0,0.0,0.0,0.0,0.0,0.0,0.0,235192.0,5.0,489.0,140060.0,0.0,0.0,0.0,0.0,0.0,0.0,0.0,0.0,0.0,0.0,0.0,0.0,0.0,0.0,0.0,0.0,0.0,0.0,0.0,0.0,0.0,0.0,0.0,0.0,0.0,6628.0,9542.0,1728929.0,0.0,0.0,0.0,11442.0,0.0,0.0,0.0,0.0,7502.0,4449686.0,0.0,0.0,76952.0,14005739.0,75241.0,11194.0,12521.0,0.0,0.0,0.0,0.0,0.0,0.0,0.0,0.0,0.0,0.0,0.0,0.0,0.0,0.0,0.0,0.0,0.0,0.0,0.0,0.0,0.0,0.0,0.0,0.0,0.0,0.0,0.0,0.0,0.0,0.0,191555.0,59850.0,0.0,0.0,0.0,0.0,0.0,0.0,0.0,0.0,0.0,0.0,0.0,0.0,0.0,0.0,0.0,0.0,0.0,0.0,0.0,0.0,0.0,0.0,0.0,0.0,0.0,0.0,0.0,0.0,0.0,0.0,0.0,0.0,0.0,0.0,0.0,0.0,0.0,0.0,0.0,0.0,0.0,0.0,0.0,0.0,0.0,0.0,0.0,0.0,0.0,0.0,0.0,0.0,0.0,0.0,0.0,0.0,0.0,3071318.0,21709124.0,0.0,0.0,0.0,0.0,0.0,0.0,0.0,0.0,0.0,0.0,0.0,632470.0,21090.0,155579.0,33073.0,70862.0,989755.0,965987.0,0.0,119068.0
11,0.0,0.0,0.0,0.0,0.0,0.0,0.0,0.0,0.0,0.0,212648.0,0.0,0.0,0.0,0.0,0.0,0.0,0.0,0.0,0.0,0.0,0.0,0.0,0.0,0.0,777298.0,35884.0,217899.0,42995.0,0.0,0.0,0.0,197031.0,0.0,0.0,0.0,0.0,0.0,0.0,0.0,0.0,0.0,0.0,0.0,0.0,0.0,0.0,0.0,0.0,0.0,0.0,0.0,0.0,0.0,0.0,0.0,0.0,0.0,0.0,0.0,0.0,0.0,0.0,0.0,0.0,0.0,0.0,0.0,941209.0,0.0,0.0,111453.0,0.0,1593.0,130.0,0.0,0.0,0.0,0.0,0.0,0.0,0.0,0.0,0.0,0.0,0.0,0.0,0.0,0.0,0.0,0.0,0.0,0.0,0.0,0.0,0.0,0.0,0.0,0.0,0.0,0.0,0.0,0.0,3145.0,325912.0,33139.0,0.0,0.0,0.0,0.0,0.0,0.0,0.0,0.0,0.0,0.0,0.0,0.0,0.0,0.0,0.0,0.0,0.0,0.0,0.0,0.0,0.0,0.0,0.0,0.0,0.0,0.0,0.0,0.0,0.0,0.0,0.0,0.0,0.0,0.0,0.0,0.0,394.0,0.0,0.0,0.0,0.0,3560.0,665936.0,185322.0,0.0,39066.0,109687.0,0.0,0.0,0.0,0.0,0.0,0.0,0.0,0.0,0.0,0.0,0.0,0.0,0.0,0.0,0.0,0.0,0.0,0.0,0.0,0.0,0.0,0.0,0.0,121824.0,1382.0,862.0,203.0,17142.0,6392.0,626389.0,0.0,21655.0
12,0.0,0.0,0.0,0.0,0.0,0.0,0.0,0.0,0.0,0.0,0.0,1683110.0,0.0,0.0,0.0,0.0,0.0,0.0,0.0,0.0,0.0,0.0,0.0,0.0,0.0,656480.0,47375.0,40.0,0.0,0.0,0.0,0.0,0.0,0.0,0.0,0.0,0.0,0.0,0.0,0.0,0.0,0.0,0.0,0.0,0.0,0.0,0.0,0.0,0.0,0.0,0.0,0.0,0.0,0.0,0.0,0.0,0.0,0.0,0.0,3286.0,0.0,0.0,0.0,0.0,17584855.0,0.0,0.0,0.0,9572.0,0.0,311.0,0.0,31.0,19777.0,0.0,0.0,0.0,0.0,0.0,0.0,0.0,0.0,0.0,0.0,0.0,0.0,0.0,0.0,0.0,0.0,0.0,0.0,0.0,0.0,0.0,0.0,0.0,0.0,0.0,0.0,0.0,0.0,0.0,0.0,111.0,8374.0,0.0,0.0,0.0,0.0,0.0,0.0,0.0,0.0,0.0,0.0,0.0,0.0,0.0,0.0,0.0,0.0,0.0,0.0,0.0,0.0,0.0,0.0,0.0,0.0,0.0,0.0,0.0,0.0,0.0,0.0,0.0,0.0,0.0,0.0,0.0,0.0,0.0,0.0,0.0,0.0,0.0,0.0,0.0,0.0,0.0,0.0,0.0,0.0,0.0,0.0,0.0,0.0,0.0,0.0,0.0,0.0,0.0,0.0,81726.0,0.0,0.0,0.0,0.0,0.0,0.0,0.0,0.0,0.0,0.0,0.0,66240.0,0.0,0.0,0.0,29.0,0.0,0.0,0.0,0.0
13,0.0,0.0,0.0,0.0,0.0,0.0,0.0,0.0,0.0,0.0,0.0,0.0,502662.0,0.0,0.0,0.0,0.0,0.0,0.0,0.0,0.0,0.0,0.0,0.0,0.0,0.0,0.0,0.0,0.0,0.0,0.0,0.0,0.0,0.0,0.0,0.0,0.0,0.0,0.0,0.0,0.0,0.0,0.0,0.0,0.0,0.0,0.0,0.0,0.0,0.0,0.0,0.0,0.0,0.0,0.0,0.0,0.0,0.0,0.0,0.0,0.0,0.0,0.0,0.0,0.0,0.0,0.0,0.0,0.0,0.0,0.0,0.0,0.0,0.0,20290710.0,1862019.0,0.0,0.0,0.0,0.0,0.0,0.0,0.0,0.0,0.0,0.0,0.0,0.0,0.0,0.0,0.0,0.0,0.0,0.0,0.0,0.0,0.0,0.0,0.0,0.0,0.0,0.0,0.0,0.0,27.0,1764.0,0.0,0.0,0.0,0.0,0.0,0.0,0.0,0.0,0.0,0.0,0.0,0.0,0.0,0.0,0.0,0.0,0.0,0.0,0.0,0.0,0.0,0.0,0.0,0.0,0.0,0.0,0.0,0.0,0.0,0.0,0.0,0.0,0.0,0.0,0.0,0.0,0.0,0.0,0.0,0.0,0.0,0.0,0.0,0.0,0.0,0.0,0.0,0.0,0.0,0.0,0.0,0.0,0.0,0.0,0.0,0.0,0.0,0.0,0.0,0.0,0.0,0.0,0.0,0.0,0.0,0.0,0.0,0.0,0.0,0.0,244.0,0.0,0.0,0.0,0.0,0.0,0.0,0.0,0.0
14,0.0,0.0,0.0,0.0,0.0,0.0,0.0,0.0,0.0,0.0,0.0,0.0,0.0,6621.0,0.0,0.0,0.0,0.0,0.0,0.0,0.0,0.0,0.0,0.0,0.0,0.0,0.0,0.0,0.0,0.0,0.0,0.0,0.0,0.0,0.0,0.0,0.0,0.0,0.0,0.0,0.0,0.0,0.0,0.0,0.0,0.0,0.0,0.0,0.0,0.0,0.0,0.0,0.0,0.0,0.0,0.0,0.0,0.0,0.0,0.0,0.0,0.0,0.0,0.0,0.0,0.0,0.0,0.0,613.0,0.0,0.0,0.0,0.0,0.0,0.0,0.0,10446348.0,466190.0,876926.0,123861.0,102334.0,44243.0,1275.0,865.0,5217.0,0.0,419678.0,58593.0,0.0,0.0,0.0,0.0,0.0,0.0,0.0,0.0,0.0,6647.0,0.0,0.0,0.0,0.0,0.0,0.0,30953.0,7035.0,0.0,0.0,0.0,0.0,0.0,0.0,0.0,0.0,0.0,0.0,0.0,0.0,0.0,0.0,0.0,0.0,0.0,0.0,0.0,0.0,0.0,0.0,0.0,0.0,0.0,0.0,0.0,0.0,0.0,0.0,0.0,0.0,0.0,0.0,0.0,0.0,0.0,0.0,0.0,0.0,0.0,0.0,0.0,0.0,0.0,0.0,0.0,0.0,0.0,0.0,0.0,0.0,0.0,0.0,0.0,0.0,0.0,0.0,0.0,0.0,0.0,0.0,0.0,0.0,0.0,0.0,0.0,0.0,0.0,0.0,106.0,0.0,0.0,0.0,0.0,0.0,0.0,0.0,0.0
15,0.0,0.0,0.0,0.0,0.0,0.0,0.0,0.0,0.0,0.0,0.0,0.0,0.0,0.0,2203456.0,0.0,0.0,0.0,0.0,0.0,0.0,0.0,0.0,0.0,0.0,0.0,0.0,0.0,0.0,0.0,0.0,0.0,0.0,0.0,0.0,0.0,0.0,0.0,0.0,0.0,0.0,0.0,0.0,0.0,0.0,0.0,0.0,0.0,0.0,0.0,0.0,0.0,6155.0,0.0,0.0,1524.0,60132.0,882391.0,0.0,1148.0,1004.0,0.0,0.0,0.0,0.0,8526.0,2465.0,1200.0,13954.0,62322.0,13373828.0,0.0,3.0,86445.0,516.0,0.0,0.0,0.0,0.0,0.0,0.0,0.0,0.0,0.0,0.0,0.0,0.0,0.0,0.0,0.0,0.0,0.0,0.0,0.0,0.0,0.0,0.0,0.0,0.0,0.0,0.0,60230.0,0.0,36272.0,786366.0,483239.0,0.0,0.0,0.0,0.0,0.0,0.0,0.0,0.0,0.0,0.0,0.0,0.0,0.0,0.0,0.0,0.0,0.0,0.0,0.0,0.0,0.0,0.0,0.0,0.0,0.0,0.0,0.0,0.0,0.0,0.0,16.0,0.0,0.0,0.0,0.0,0.0,0.0,0.0,0.0,0.0,0.0,0.0,0.0,0.0,0.0,0.0,0.0,0.0,0.0,0.0,0.0,0.0,0.0,0.0,0.0,0.0,0.0,251977.0,2120803.0,0.0,0.0,0.0,0.0,0.0,0.0,0.0,0.0,0.0,0.0,0.0,15846.0,108.0,5491.0,0.0,1.0,437.0,8450.0,0.0,0.0
16,0.0,0.0,0.0,0.0,0.0,0.0,0.0,0.0,0.0,0.0,0.0,0.0,0.0,0.0,0.0,6334855.0,0.0,0.0,0.0,0.0,0.0,0.0,0.0,0.0,0.0,291915.0,0.0,679.0,59991.0,0.0,0.0,0.0,3693.0,0.0,0.0,0.0,166.0,59.0,134.0,54.0,652.0,118.0,72.0,427.0,22.0,94.0,73.0,0.0,17.0,85.0,47.0,29.0,0.0,0.0,0.0,0.0,7266851.0,128.0,0.0,1776201.0,10986.0,0.0,12.0,64264.0,492039.0,281.0,0.0,1223.0,20622.0,81314.0,97283.0,52846.0,447123.0,9605509.0,0.0,0.0,0.0,59.0,0.0,0.0,0.0,0.0,45.0,0.0,28.0,0.0,55579.0,54790.0,4766.0,188.0,122.0,125.0,0.0,0.0,17092.0,0.0,0.0,0.0,0.0,0.0,0.0,0.0,0.0,3616.0,699322.0,127939.0,0.0,0.0,0.0,0.0,0.0,0.0,0.0,0.0,76.0,148.0,422.0,66.0,628.0,0.0,0.0,0.0,0.0,0.0,0.0,0.0,0.0,18.0,0.0,0.0,85.0,96.0,31.0,177.0,30.0,1174.0,0.0,0.0,0.0,0.0,0.0,0.0,0.0,0.0,13294.0,1650.0,136.0,8729.0,517.0,46.0,94.0,85.0,340.0,391.0,222.0,311117.0,2471.0,2373.0,1846246.0,5853.0,1221025.0,0.0,0.0,1916619.0,9045890.0,4787.0,739.0,2676.0,630.0,1767.0,150.0,28.0,1834.0,948.0,0.0,157456.0,260331.0,55301.0,556392.0,26913.0,69673.0,4629333.0,1153139.0,0.0,246136.0
17,0.0,0.0,0.0,0.0,0.0,0.0,0.0,0.0,0.0,0.0,0.0,0.0,0.0,0.0,0.0,0.0,16629.0,0.0,0.0,0.0,0.0,0.0,0.0,0.0,0.0,0.0,0.0,0.0,0.0,0.0,0.0,0.0,0.0,0.0,0.0,0.0,0.0,0.0,0.0,0.0,0.0,0.0,0.0,0.0,0.0,0.0,0.0,0.0,0.0,0.0,0.0,0.0,0.0,20855.0,0.0,0.0,10904.0,768.0,0.0,5954.0,0.0,0.0,0.0,0.0,0.0,101.0,0.0,314.0,175.0,86708.0,471291.0,0.0,0.0,46710.0,0.0,0.0,0.0,0.0,0.0,0.0,0.0,0.0,0.0,0.0,0.0,0.0,0.0,0.0,0.0,0.0,0.0,0.0,0.0,0.0,0.0,0.0,0.0,0.0,0.0,0.0,0.0,52717.0,0.0,124401.0,243496.0,1620174.0,0.0,0.0,0.0,0.0,0.0,0.0,0.0,0.0,0.0,0.0,0.0,0.0,0.0,0.0,0.0,0.0,0.0,0.0,0.0,0.0,0.0,0.0,0.0,0.0,0.0,0.0,0.0,0.0,0.0,0.0,0.0,0.0,0.0,0.0,0.0,0.0,0.0,0.0,0.0,0.0,0.0,261.0,0.0,0.0,0.0,0.0,0.0,0.0,0.0,0.0,0.0,0.0,0.0,0.0,0.0,0.0,0.0,361.0,4963.0,0.0,0.0,0.0,0.0,0.0,0.0,0.0,0.0,0.0,0.0,0.0,55198.0,1392.0,17457.0,278.0,7.0,46963.0,11738.0,0.0,0.0
18,0.0,0.0,0.0,0.0,0.0,0.0,0.0,0.0,0.0,0.0,0.0,0.0,0.0,0.0,0.0,0.0,0.0,4670525.0,0.0,0.0,0.0,0.0,0.0,0.0,0.0,0.0,0.0,0.0,0.0,0.0,0.0,0.0,0.0,0.0,0.0,0.0,0.0,0.0,0.0,0.0,0.0,0.0,0.0,0.0,0.0,0.0,0.0,0.0,0.0,0.0,0.0,0.0,0.0,0.0,0.0,0.0,0.0,0.0,0.0,0.0,0.0,0.0,0.0,0.0,0.0,0.0,0.0,0.0,0.0,0.0,0.0,0.0,0.0,0.0,0.0,0.0,0.0,0.0,0.0,0.0,0.0,0.0,0.0,0.0,0.0,0.0,0.0,0.0,0.0,0.0,0.0,0.0,0.0,0.0,0.0,0.0,0.0,3479714.0,0.0,851931.0,0.0,0.0,0.0,0.0,0.0,0.0,7385763.0,43382924.0,3011102.0,2211596.0,0.0,0.0,0.0,0.0,0.0,0.0,48599.0,0.0,59838.0,0.0,0.0,0.0,0.0,0.0,0.0,0.0,0.0,0.0,0.0,0.0,0.0,0.0,0.0,0.0,0.0,886703.0,829126.0,0.0,0.0,0.0,0.0,0.0,0.0,0.0,0.0,0.0,0.0,0.0,0.0,0.0,0.0,8925.0,690.0,0.0,0.0,0.0,0.0,0.0,0.0,0.0,0.0,0.0,0.0,0.0,0.0,0.0,0.0,0.0,0.0,0.0,0.0,0.0,0.0,0.0,0.0,0.0,0.0,0.0,0.0,0.0,2771.0,0.0,0.0,0.0,0.0
19,0.0,0.0,0.0,0.0,0.0,0.0,0.0,0.0,0.0,0.0,0.0,0.0,0.0,0.0,0.0,0.0,0.0,0.0,905673.0,0.0,0.0,0.0,0.0,0.0,0.0,0.0,0.0,0.0,0.0,0.0,0.0,0.0,0.0,0.0,0.0,0.0,0.0,0.0,0.0,0.0,0.0,0.0,0.0,0.0,0.0,0.0,0.0,0.0,0.0,0.0,0.0,0.0,39513.0,0.0,0.0,0.0,106.0,18746.0,9586268.0,884063.0,0.0,0.0,0.0,945843.0,335.0,0.0,0.0,1840.0,0.0,0.0,1339359.0,45765.0,50356.0,1692241.0,0.0,0.0,0.0,0.0,0.0,0.0,0.0,0.0,0.0,4138.0,23904.0,0.0,0.0,0.0,85210.0,0.0,0.0,0.0,0.0,0.0,0.0,2455792.0,0.0,0.0,0.0,0.0,0.0,0.0,0.0,759821.0,1231575.0,240944.0,0.0,0.0,0.0,0.0,0.0,0.0,0.0,0.0,0.0,0.0,0.0,0.0,15055.0,0.0,0.0,0.0,0.0,0.0,0.0,0.0,0.0,0.0,0.0,0.0,0.0,0.0,0.0,0.0,0.0,0.0,656299.0,90583.0,55643.0,18395.0,0.0,0.0,0.0,0.0,0.0,0.0,0.0,0.0,0.0,0.0,0.0,0.0,0.0,0.0,0.0,0.0,0.0,0.0,0.0,0.0,0.0,0.0,0.0,550284.0,7519080.0,0.0,0.0,0.0,0.0,0.0,0.0,0.0,0.0,0.0,0.0,0.0,43005.0,11044.0,517.0,1406.0,23501.0,99166.0,295482.0,0.0,17554.0
20,0.0,0.0,0.0,0.0,0.0,0.0,0.0,0.0,0.0,0.0,0.0,0.0,0.0,0.0,0.0,0.0,0.0,0.0,0.0,48870767.0,0.0,0.0,0.0,0.0,0.0,0.0,0.0,0.0,0.0,0.0,0.0,0.0,0.0,0.0,0.0,0.0,0.0,0.0,0.0,0.0,0.0,0.0,0.0,0.0,0.0,0.0,0.0,0.0,0.0,0.0,0.0,0.0,0.0,0.0,0.0,0.0,0.0,270438688.0,0.0,0.0,0.0,0.0,0.0,0.0,0.0,0.0,0.0,0.0,0.0,0.0,0.0,0.0,0.0,0.0,0.0,0.0,0.0,0.0,0.0,0.0,0.0,0.0,0.0,0.0,0.0,0.0,0.0,0.0,0.0,0.0,0.0,0.0,0.0,0.0,0.0,0.0,0.0,0.0,0.0,0.0,0.0,0.0,0.0,0.0,0.0,0.0,0.0,0.0,0.0,0.0,0.0,0.0,0.0,0.0,0.0,0.0,0.0,0.0,0.0,0.0,0.0,0.0,0.0,0.0,0.0,0.0,0.0,0.0,0.0,0.0,0.0,0.0,0.0,0.0,0.0,0.0,0.0,0.0,0.0,0.0,0.0,0.0,0.0,0.0,0.0,0.0,0.0,0.0,0.0,0.0,0.0,0.0,0.0,0.0,0.0,0.0,0.0,0.0,0.0,0.0,0.0,0.0,0.0,0.0,0.0,0.0,0.0,0.0,0.0,0.0,0.0,0.0,0.0,0.0,0.0,0.0,0.0,0.0,0.0,0.0,887.0,0.0,0.0,0.0,0.0
21,0.0,0.0,0.0,0.0,0.0,0.0,0.0,0.0,0.0,0.0,0.0,0.0,0.0,0.0,0.0,0.0,0.0,0.0,0.0,0.0,4525411.0,0.0,0.0,0.0,0.0,0.0,0.0,0.0,0.0,0.0,0.0,0.0,0.0,0.0,0.0,0.0,0.0,0.0,0.0,0.0,0.0,0.0,0.0,0.0,0.0,0.0,0.0,0.0,0.0,0.0,0.0,0.0,0.0,0.0,0.0,0.0,0.0,0.0,0.0,1703462.0,0.0,0.0,0.0,0.0,0.0,21303.0,0.0,22555784.0,1633.0,0.0,0.0,0.0,5283.0,1775944.0,0.0,0.0,0.0,0.0,0.0,0.0,0.0,0.0,0.0,0.0,0.0,0.0,0.0,0.0,0.0,0.0,0.0,0.0,0.0,0.0,0.0,0.0,0.0,0.0,0.0,0.0,0.0,0.0,0.0,0.0,15191.0,31958.0,0.0,0.0,0.0,0.0,0.0,0.0,0.0,0.0,0.0,0.0,0.0,0.0,0.0,0.0,0.0,0.0,0.0,0.0,0.0,0.0,0.0,0.0,0.0,0.0,0.0,0.0,0.0,0.0,0.0,0.0,0.0,0.0,0.0,0.0,0.0,0.0,0.0,0.0,0.0,0.0,0.0,0.0,0.0,0.0,0.0,0.0,0.0,0.0,0.0,0.0,0.0,0.0,0.0,0.0,0.0,0.0,0.0,166965.0,4275410.0,0.0,0.0,0.0,0.0,0.0,0.0,0.0,0.0,0.0,0.0,0.0,0.0,4416.0,0.0,0.0,128.0,0.0,0.0,0.0,0.0
22,0.0,0.0,0.0,0.0,0.0,0.0,0.0,0.0,0.0,0.0,0.0,0.0,0.0,0.0,0.0,0.0,0.0,0.0,0.0,0.0,0.0,41599.0,0.0,0.0,0.0,0.0,0.0,0.0,0.0,0.0,0.0,0.0,0.0,0.0,0.0,0.0,0.0,0.0,0.0,0.0,0.0,0.0,0.0,0.0,0.0,0.0,0.0,0.0,0.0,0.0,0.0,0.0,0.0,0.0,0.0,0.0,0.0,0.0,0.0,46636.0,0.0,0.0,0.0,0.0,0.0,256.0,0.0,0.0,6416630.0,0.0,0.0,0.0,140.0,31373.0,0.0,0.0,0.0,0.0,0.0,0.0,0.0,0.0,0.0,0.0,0.0,0.0,0.0,0.0,0.0,0.0,0.0,0.0,0.0,0.0,0.0,0.0,0.0,0.0,0.0,0.0,0.0,0.0,0.0,0.0,97.0,195.0,0.0,0.0,0.0,0.0,0.0,0.0,0.0,0.0,0.0,0.0,0.0,0.0,0.0,0.0,0.0,0.0,0.0,0.0,0.0,0.0,0.0,0.0,0.0,0.0,0.0,0.0,0.0,0.0,0.0,0.0,0.0,0.0,0.0,0.0,0.0,0.0,0.0,0.0,0.0,0.0,0.0,0.0,0.0,0.0,0.0,0.0,0.0,0.0,0.0,0.0,0.0,0.0,0.0,0.0,0.0,0.0,0.0,0.0,383.0,0.0,0.0,0.0,0.0,0.0,0.0,0.0,0.0,0.0,0.0,0.0,0.0,0.0,0.0,0.0,0.0,0.0,0.0,0.0,0.0
23,0.0,0.0,0.0,0.0,0.0,0.0,0.0,0.0,0.0,0.0,0.0,0.0,0.0,0.0,0.0,0.0,0.0,0.0,0.0,0.0,0.0,0.0,1184029.0,0.0,0.0,0.0,0.0,0.0,0.0,0.0,0.0,0.0,0.0,0.0,0.0,0.0,0.0,0.0,0.0,0.0,0.0,0.0,0.0,0.0,0.0,0.0,0.0,0.0,0.0,0.0,0.0,0.0,0.0,0.0,0.0,0.0,0.0,585288.0,0.0,4091279.0,0.0,0.0,0.0,0.0,0.0,11781162.0,0.0,3403562.0,3286256.0,0.0,2811213.0,897484.0,160588.0,10838869.0,0.0,0.0,0.0,0.0,0.0,0.0,0.0,0.0,0.0,0.0,0.0,0.0,0.0,0.0,0.0,0.0,0.0,0.0,0.0,0.0,0.0,0.0,0.0,0.0,0.0,0.0,0.0,587253.0,282575.0,449044.0,681069.0,337521.0,0.0,0.0,0.0,0.0,0.0,0.0,0.0,0.0,0.0,0.0,0.0,0.0,0.0,0.0,0.0,0.0,0.0,0.0,0.0,0.0,0.0,0.0,0.0,0.0,0.0,0.0,0.0,0.0,0.0,0.0,0.0,0.0,0.0,0.0,0.0,0.0,0.0,0.0,0.0,0.0,0.0,0.0,0.0,0.0,0.0,0.0,0.0,0.0,0.0,0.0,0.0,0.0,0.0,0.0,0.0,0.0,0.0,0.0,162762.0,0.0,0.0,0.0,0.0,0.0,0.0,0.0,0.0,0.0,0.0,0.0,0.0,4772.0,0.0,0.0,0.0,0.0,0.0,0.0,0.0
24,0.0,0.0,0.0,0.0,0.0,0.0,0.0,0.0,0.0,0.0,0.0,0.0,0.0,0.0,0.0,0.0,0.0,0.0,0.0,0.0,0.0,0.0,0.0,268934.0,0.0,0.0,0.0,0.0,0.0,0.0,0.0,0.0,0.0,0.0,0.0,0.0,0.0,0.0,0.0,0.0,0.0,0.0,0.0,0.0,0.0,0.0,0.0,0.0,0.0,0.0,0.0,0.0,0.0,0.0,0.0,0.0,0.0,124830.0,0.0,0.0,0.0,0.0,0.0,0.0,0.0,0.0,59471.0,212.0,254.0,0.0,6736174.0,0.0,4272.0,750138.0,12159920.0,784922.0,0.0,0.0,0.0,0.0,0.0,0.0,0.0,0.0,0.0,0.0,0.0,0.0,0.0,0.0,0.0,0.0,0.0,0.0,0.0,0.0,0.0,0.0,0.0,0.0,0.0,51633.0,0.0,63240.0,291291.0,198813.0,0.0,0.0,0.0,0.0,0.0,0.0,0.0,0.0,0.0,0.0,0.0,0.0,0.0,0.0,0.0,0.0,0.0,0.0,0.0,0.0,0.0,0.0,0.0,0.0,0.0,0.0,0.0,0.0,0.0,0.0,0.0,0.0,0.0,0.0,0.0,0.0,0.0,0.0,0.0,0.0,0.0,0.0,0.0,0.0,0.0,0.0,0.0,0.0,0.0,0.0,0.0,0.0,0.0,0.0,0.0,0.0,0.0,3206.0,90068.0,0.0,0.0,0.0,0.0,0.0,0.0,0.0,0.0,0.0,0.0,0.0,14821.0,0.0,0.0,0.0,0.0,0.0,0.0,0.0,0.0
25,0.0,0.0,0.0,0.0,0.0,0.0,0.0,0.0,0.0,0.0,0.0,0.0,0.0,0.0,0.0,0.0,0.0,0.0,0.0,0.0,0.0,0.0,0.0,0.0,49969.0,0.0,0.0,0.0,0.0,0.0,0.0,0.0,0.0,0.0,0.0,0.0,0.0,0.0,0.0,0.0,0.0,0.0,0.0,0.0,0.0,0.0,0.0,0.0,0.0,0.0,0.0,0.0,0.0,0.0,0.0,0.0,66710.0,21667.0,0.0,117612.0,0.0,0.0,0.0,0.0,0.0,109148.0,0.0,1251.0,0.0,0.0,420156.0,1054.0,1011.0,1617.0,0.0,0.0,0.0,0.0,0.0,0.0,0.0,0.0,0.0,0.0,0.0,0.0,0.0,0.0,0.0,0.0,0.0,0.0,0.0,0.0,0.0,0.0,0.0,0.0,0.0,0.0,0.0,0.0,0.0,129.0,6600.0,9312.0,0.0,0.0,0.0,0.0,0.0,0.0,0.0,0.0,0.0,0.0,0.0,0.0,0.0,0.0,0.0,0.0,0.0,0.0,0.0,0.0,0.0,0.0,0.0,0.0,0.0,0.0,0.0,0.0,0.0,0.0,0.0,0.0,0.0,0.0,0.0,0.0,0.0,0.0,0.0,0.0,0.0,0.0,0.0,0.0,0.0,0.0,0.0,0.0,0.0,0.0,0.0,0.0,0.0,0.0,0.0,0.0,0.0,0.0,1169101.0,0.0,0.0,0.0,0.0,0.0,0.0,0.0,0.0,0.0,0.0,0.0,0.0,0.0,0.0,0.0,0.0,0.0,0.0,0.0,0.0
26,28623.0,50805.0,551.0,54072.0,401.0,12795.0,4621.0,1283.0,0.0,486995.0,87313.0,76092.0,312018.0,316.0,34711.0,656894.0,12257.0,78215.0,289068.0,784875.0,15487.0,9198.0,32776.0,109058.0,2414.0,745296.0,726.0,0.0,0.0,598810.0,124054.0,141989.0,3184.0,0.0,0.0,27891.0,0.0,0.0,0.0,0.0,0.0,0.0,0.0,0.0,0.0,0.0,0.0,0.0,0.0,0.0,0.0,0.0,55843432.0,0.0,0.0,0.0,0.0,0.0,0.0,0.0,0.0,0.0,0.0,0.0,0.0,0.0,0.0,0.0,0.0,0.0,1657435.0,245368.0,0.0,0.0,0.0,0.0,402.0,0.0,7822.0,0.0,0.0,849.0,0.0,0.0,0.0,0.0,0.0,0.0,0.0,0.0,0.0,0.0,0.0,0.0,0.0,0.0,0.0,0.0,0.0,0.0,0.0,0.0,0.0,7255.0,0.0,178.0,0.0,0.0,0.0,0.0,0.0,0.0,0.0,0.0,0.0,0.0,0.0,0.0,0.0,0.0,0.0,0.0,0.0,0.0,0.0,0.0,0.0,0.0,0.0,0.0,0.0,0.0,0.0,0.0,0.0,0.0,548.0,0.0,0.0,0.0,0.0,0.0,0.0,0.0,0.0,0.0,0.0,14.0,0.0,0.0,0.0,0.0,0.0,0.0,0.0,0.0,0.0,0.0,0.0,0.0,0.0,0.0,0.0,0.0,542097.0,0.0,0.0,0.0,0.0,0.0,0.0,0.0,0.0,0.0,0.0,0.0,93016.0,0.0,97.0,43.0,0.0,0.0,142123.0,0.0,0.0
27,0.0,0.0,0.0,0.0,0.0,0.0,0.0,0.0,0.0,0.0,0.0,0.0,0.0,0.0,0.0,0.0,0.0,0.0,0.0,0.0,0.0,0.0,0.0,0.0,0.0,194.0,3063.0,34406.0,0.0,0.0,0.0,0.0,0.0,0.0,0.0,0.0,0.0,0.0,0.0,0.0,0.0,0.0,0.0,0.0,0.0,0.0,0.0,0.0,0.0,0.0,0.0,0.0,0.0,0.0,0.0,0.0,1663.0,0.0,0.0,15060151.0,0.0,0.0,0.0,82028.0,0.0,0.0,0.0,116.0,2366.0,0.0,9023.0,0.0,7409.0,168248.0,0.0,0.0,0.0,0.0,0.0,0.0,0.0,0.0,0.0,0.0,0.0,0.0,0.0,0.0,0.0,0.0,0.0,0.0,0.0,0.0,0.0,0.0,0.0,0.0,0.0,0.0,0.0,9815.0,22253.0,10624.0,0.0,5432.0,0.0,0.0,0.0,0.0,0.0,0.0,0.0,0.0,0.0,0.0,0.0,0.0,0.0,0.0,0.0,0.0,0.0,0.0,0.0,0.0,0.0,0.0,0.0,0.0,0.0,0.0,0.0,0.0,0.0,0.0,0.0,0.0,0.0,0.0,0.0,0.0,0.0,0.0,0.0,0.0,0.0,0.0,0.0,0.0,0.0,0.0,0.0,0.0,0.0,0.0,0.0,0.0,0.0,0.0,0.0,0.0,0.0,36027.0,349794.0,0.0,0.0,0.0,0.0,0.0,0.0,0.0,0.0,0.0,0.0,0.0,350.0,180.0,795845.0,0.0,32590.0,502502.0,30456.0,0.0,211486.0
28,73845.0,73998.0,7604.0,53483.0,2218.0,13627.0,4973.0,7663.0,0.0,535092.0,59534.0,55211.0,234278.0,524.0,23206.0,1057469.0,20140.0,13590.0,4853.0,76013.0,2624.0,76906.0,40926.0,68799.0,848.0,47670.0,5561.0,4010275.0,37816.0,0.0,0.0,0.0,0.0,0.0,0.0,7611.0,0.0,0.0,0.0,0.0,0.0,0.0,0.0,0.0,0.0,0.0,0.0,0.0,0.0,0.0,0.0,0.0,80269264.0,174359.0,0.0,0.0,2683.0,0.0,0.0,36273.0,0.0,0.0,0.0,1562360.0,0.0,143.0,5108.0,70.0,127.0,23097.0,5066471.0,0.0,0.0,9221.0,0.0,0.0,0.0,0.0,0.0,0.0,0.0,0.0,0.0,0.0,0.0,0.0,0.0,0.0,0.0,0.0,0.0,0.0,0.0,0.0,0.0,0.0,0.0,0.0,0.0,0.0,0.0,0.0,0.0,2881.0,74933.0,20308.0,0.0,0.0,0.0,0.0,0.0,0.0,0.0,0.0,0.0,0.0,0.0,0.0,0.0,0.0,0.0,0.0,0.0,0.0,0.0,0.0,0.0,0.0,0.0,0.0,0.0,0.0,0.0,0.0,0.0,0.0,0.0,0.0,0.0,121512.0,3469.0,0.0,0.0,0.0,0.0,0.0,0.0,0.0,0.0,0.0,0.0,0.0,0.0,0.0,0.0,0.0,0.0,0.0,51339.0,0.0,0.0,0.0,0.0,1985412.0,14248929.0,0.0,0.0,0.0,0.0,0.0,0.0,0.0,0.0,0.0,0.0,0.0,198448.0,5877.0,353834.0,2375.0,151192.0,1278369.0,141878.0,0.0,584874.0
29,0.0,0.0,0.0,0.0,0.0,0.0,0.0,0.0,0.0,0.0,0.0,0.0,0.0,0.0,0.0,0.0,0.0,0.0,0.0,0.0,0.0,0.0,0.0,0.0,0.0,0.0,0.0,0.0,192580.0,0.0,0.0,0.0,5578.0,0.0,0.0,0.0,0.0,0.0,0.0,0.0,0.0,0.0,0.0,0.0,0.0,0.0,0.0,0.0,0.0,0.0,0.0,0.0,0.0,0.0,0.0,0.0,0.0,4068.0,0.0,0.0,0.0,0.0,0.0,0.0,0.0,0.0,0.0,0.0,0.0,0.0,212.0,0.0,0.0,0.0,0.0,0.0,198971.0,0.0,0.0,0.0,0.0,0.0,0.0,0.0,0.0,0.0,0.0,0.0,0.0,0.0,0.0,0.0,0.0,0.0,0.0,0.0,0.0,0.0,0.0,0.0,0.0,0.0,0.0,0.0,0.0,4850.0,0.0,0.0,0.0,0.0,0.0,0.0,0.0,0.0,0.0,0.0,0.0,0.0,0.0,0.0,0.0,0.0,0.0,0.0,0.0,0.0,0.0,0.0,0.0,0.0,0.0,0.0,0.0,0.0,0.0,0.0,0.0,0.0,0.0,0.0,0.0,0.0,0.0,0.0,0.0,0.0,0.0,0.0,0.0,0.0,0.0,0.0,0.0,0.0,0.0,0.0,0.0,0.0,0.0,0.0,0.0,0.0,0.0,32659.0,97283.0,0.0,0.0,0.0,0.0,0.0,0.0,0.0,0.0,0.0,0.0,0.0,0.0,0.0,0.0,0.0,0.0,15.0,844.0,0.0,0.0
30,3266986.0,401306.0,98573.0,1160778.0,68890.0,165726.0,134987.0,163231.0,531.0,2618315.0,197997.0,526141.0,1206489.0,13151.0,522457.0,2379210.0,143809.0,2851293.0,895937.0,13662328.0,69080.0,226676.0,1016541.0,642175.0,61645.0,351713.0,115078.0,339032.0,397956.0,258932.0,1979227.0,939090.0,1279045.0,301915.0,43219.0,78713.0,0.0,0.0,0.0,0.0,0.0,0.0,0.0,0.0,0.0,0.0,0.0,0.0,0.0,0.0,0.0,0.0,0.0,0.0,0.0,0.0,0.0,0.0,0.0,0.0,0.0,0.0,0.0,0.0,0.0,0.0,0.0,0.0,0.0,0.0,0.0,0.0,0.0,0.0,0.0,0.0,0.0,0.0,0.0,0.0,0.0,0.0,0.0,0.0,0.0,0.0,0.0,0.0,0.0,0.0,0.0,0.0,0.0,0.0,0.0,0.0,0.0,0.0,0.0,0.0,0.0,0.0,0.0,0.0,0.0,0.0,0.0,0.0,0.0,0.0,0.0,0.0,0.0,0.0,0.0,0.0,0.0,0.0,0.0,0.0,0.0,0.0,0.0,0.0,0.0,0.0,0.0,0.0,0.0,0.0,0.0,0.0,0.0,0.0,0.0,0.0,0.0,0.0,0.0,0.0,0.0,0.0,0.0,0.0,0.0,0.0,0.0,933.0,0.0,0.0,0.0,0.0,0.0,0.0,0.0,0.0,0.0,0.0,0.0,0.0,0.0,0.0,0.0,0.0,0.0,0.0,0.0,0.0,0.0,0.0,0.0,0.0,0.0,0.0,0.0,0.0,10752.0,0.0,0.0,0.0,0.0,0.0,0.0,0.0,0.0
31,0.0,0.0,0.0,0.0,0.0,0.0,0.0,0.0,0.0,4132.0,0.0,0.0,22734.0,0.0,0.0,29798.0,0.0,0.0,0.0,0.0,0.0,0.0,0.0,0.0,0.0,65232.0,464.0,3363.0,4973.0,23.0,1435.0,287.0,15958.0,2102.0,379.0,171.0,0.0,0.0,0.0,0.0,0.0,0.0,0.0,0.0,0.0,0.0,0.0,0.0,0.0,0.0,0.0,0.0,1250.0,87.0,3942.0,17026.0,41382.0,18971.0,1302.0,69391.0,5758.0,0.0,0.0,0.0,0.0,0.0,0.0,0.0,0.0,222061.0,14042.0,0.0,0.0,0.0,0.0,0.0,97.0,0.0,0.0,0.0,0.0,494.0,0.0,0.0,0.0,5943749.0,16087213.0,10568624.0,4185141.0,7316875.0,4150626.0,5364588.0,0.0,0.0,0.0,0.0,0.0,0.0,0.0,0.0,0.0,0.0,0.0,0.0,0.0,1507.0,0.0,0.0,0.0,0.0,0.0,0.0,0.0,0.0,0.0,0.0,0.0,0.0,0.0,0.0,0.0,0.0,0.0,0.0,0.0,0.0,0.0,0.0,0.0,0.0,0.0,35659.0,0.0,0.0,0.0,0.0,1785360.0,11081.0,231345.0,51294.0,30153.0,0.0,71417.0,547.0,0.0,0.0,0.0,0.0,12121089.0,2507577.0,794562.0,2941072.0,26934820.0,0.0,0.0,0.0,0.0,0.0,0.0,0.0,0.0,0.0,0.0,2880.0,11322.0,80891.0,0.0,0.0,0.0,0.0,0.0,0.0,0.0,0.0,0.0,12379.0,918.0,0.0,104.0,0.0,3216.0,0.0,1424.0,0.0,0.0
32,2540.0,3563.0,1180.0,1846.0,170.0,327.0,237.0,430.0,0.0,3170.0,2341.0,0.0,3080.0,0.0,1284.0,1021.0,77.0,768.0,3452.0,19571.0,707.0,709.0,4348.0,4576.0,2211.0,57295.0,329.0,0.0,0.0,8005.0,722.0,111624.0,12137.0,5923.0,502.0,2775.0,0.0,0.0,0.0,0.0,0.0,0.0,0.0,0.0,0.0,0.0,0.0,0.0,0.0,0.0,0.0,0.0,0.0,0.0,0.0,0.0,0.0,4355.0,0.0,0.0,0.0,0.0,0.0,0.0,0.0,0.0,0.0,0.0,0.0,0.0,26129.0,0.0,0.0,54.0,8425.0,0.0,130.0,0.0,0.0,1797.0,0.0,0.0,413.0,16094.0,107396.0,5450257.0,0.0,0.0,0.0,1938208.0,962234.0,1633385.0,0.0,20955.0,0.0,0.0,0.0,456810.0,0.0,90562.0,15230.0,52546.0,119066.0,508970.0,1130.0,71756.0,0.0,0.0,3132.0,16157.0,0.0,33855.0,0.0,0.0,0.0,0.0,298.0,0.0,178069.0,402570.0,0.0,0.0,0.0,0.0,0.0,0.0,0.0,0.0,0.0,0.0,0.0,0.0,0.0,0.0,0.0,12444.0,1060200.0,4971.0,4751.0,14064.0,10410.0,0.0,233520.0,0.0,0.0,0.0,0.0,0.0,18518908.0,3299008.0,827367.0,2472208.0,9175375.0,0.0,0.0,0.0,0.0,0.0,0.0,0.0,0.0,0.0,0.0,3946.0,50385.0,0.0,0.0,0.0,0.0,0.0,0.0,0.0,0.0,0.0,0.0,0.0,96.0,4.0,184905.0,0.0,2362.0,3416.0,593.0,0.0,0.0
33,0.0,0.0,0.0,0.0,0.0,0.0,0.0,0.0,0.0,0.0,0.0,0.0,0.0,0.0,0.0,0.0,0.0,0.0,0.0,0.0,0.0,0.0,0.0,0.0,0.0,0.0,3227.0,161052.0,0.0,4566.0,0.0,0.0,2614875.0,186083.0,50603.0,0.0,0.0,0.0,0.0,0.0,0.0,0.0,0.0,0.0,0.0,0.0,0.0,0.0,0.0,0.0,0.0,0.0,0.0,0.0,12745427.0,27223587.0,0.0,68924.0,0.0,0.0,0.0,0.0,0.0,0.0,0.0,0.0,947.0,0.0,0.0,100186.0,6974034.0,0.0,0.0,0.0,0.0,0.0,0.0,0.0,0.0,0.0,0.0,0.0,0.0,0.0,0.0,0.0,0.0,0.0,0.0,0.0,0.0,0.0,0.0,0.0,0.0,0.0,0.0,0.0,0.0,0.0,0.0,0.0,84159.0,6270.0,0.0,173515.0,0.0,0.0,0.0,0.0,0.0,0.0,0.0,0.0,0.0,0.0,0.0,0.0,0.0,0.0,0.0,0.0,0.0,0.0,0.0,0.0,0.0,0.0,0.0,0.0,0.0,0.0,0.0,0.0,0.0,0.0,0.0,0.0,0.0,0.0,0.0,0.0,0.0,0.0,0.0,0.0,0.0,0.0,0.0,0.0,0.0,0.0,0.0,0.0,0.0,0.0,0.0,0.0,1233806.0,0.0,0.0,0.0,0.0,2307925.0,18412176.0,0.0,0.0,0.0,0.0,0.0,0.0,0.0,0.0,0.0,0.0,0.0,349903.0,21333.0,973209.0,7837.0,173569.0,3192370.0,938788.0,0.0,630871.0
34,0.0,0.0,0.0,0.0,0.0,0.0,0.0,0.0,0.0,0.0,0.0,0.0,0.0,0.0,0.0,0.0,0.0,0.0,0.0,0.0,0.0,0.0,0.0,0.0,0.0,0.0,1652.0,133571.0,0.0,10087.0,0.0,0.0,0.0,2050426.0,21222.0,0.0,0.0,0.0,0.0,0.0,0.0,0.0,0.0,0.0,0.0,0.0,0.0,0.0,0.0,0.0,0.0,0.0,0.0,0.0,1066429.0,3433508.0,0.0,9100.0,0.0,0.0,0.0,0.0,0.0,0.0,0.0,0.0,0.0,0.0,0.0,0.0,867876.0,0.0,0.0,0.0,0.0,0.0,0.0,0.0,0.0,0.0,0.0,0.0,0.0,0.0,0.0,0.0,0.0,0.0,0.0,0.0,0.0,0.0,0.0,0.0,0.0,0.0,0.0,0.0,0.0,0.0,0.0,0.0,0.0,0.0,0.0,0.0,0.0,0.0,0.0,0.0,0.0,0.0,0.0,0.0,0.0,0.0,0.0,0.0,0.0,0.0,0.0,0.0,0.0,0.0,0.0,0.0,0.0,0.0,0.0,0.0,0.0,0.0,0.0,0.0,0.0,0.0,0.0,0.0,0.0,0.0,0.0,0.0,0.0,0.0,0.0,0.0,0.0,0.0,0.0,0.0,0.0,0.0,0.0,0.0,0.0,0.0,0.0,0.0,0.0,0.0,0.0,0.0,0.0,851500.0,14546263.0,0.0,0.0,0.0,0.0,0.0,0.0,0.0,0.0,0.0,0.0,0.0,0.0,161513.0,116262.0,0.0,38195.0,1164596.0,693202.0,0.0,53705.0
35,0.0,0.0,0.0,0.0,0.0,0.0,0.0,0.0,0.0,0.0,0.0,0.0,0.0,0.0,0.0,0.0,0.0,0.0,0.0,0.0,0.0,0.0,0.0,0.0,0.0,0.0,0.0,0.0,0.0,2060.0,0.0,0.0,0.0,138.0,431794.0,0.0,0.0,0.0,0.0,0.0,0.0,0.0,0.0,0.0,0.0,0.0,0.0,0.0,0.0,0.0,0.0,0.0,0.0,0.0,323329.0,774412.0,0.0,1812.0,0.0,0.0,0.0,0.0,0.0,0.0,0.0,0.0,0.0,0.0,0.0,0.0,164244.0,0.0,0.0,0.0,0.0,0.0,0.0,0.0,0.0,0.0,0.0,0.0,0.0,0.0,0.0,0.0,0.0,0.0,0.0,0.0,0.0,0.0,0.0,0.0,0.0,0.0,0.0,0.0,0.0,0.0,0.0,0.0,81.0,52178.0,0.0,12378.0,0.0,0.0,0.0,0.0,0.0,0.0,0.0,0.0,0.0,0.0,0.0,0.0,0.0,0.0,0.0,0.0,0.0,0.0,0.0,0.0,0.0,0.0,0.0,0.0,0.0,0.0,0.0,0.0,0.0,0.0,0.0,1456727.0,0.0,0.0,0.0,0.0,0.0,0.0,0.0,0.0,0.0,0.0,0.0,0.0,0.0,0.0,0.0,0.0,0.0,0.0,0.0,0.0,0.0,0.0,0.0,0.0,0.0,80764.0,1149458.0,0.0,0.0,0.0,0.0,0.0,0.0,0.0,0.0,0.0,0.0,0.0,330.0,14513.0,13797.0,0.0,0.0,2423.0,9219.0,0.0,0.0
36,0.0,0.0,0.0,0.0,0.0,0.0,0.0,0.0,0.0,0.0,0.0,0.0,0.0,0.0,0.0,0.0,0.0,0.0,0.0,0.0,0.0,0.0,0.0,0.0,0.0,0.0,0.0,0.0,0.0,61430.0,0.0,0.0,26937.0,50094.0,10701.0,5774875.0,0.0,0.0,0.0,0.0,0.0,0.0,0.0,0.0,0.0,0.0,0.0,0.0,0.0,0.0,0.0,0.0,0.0,0.0,9350580.0,16793996.0,0.0,67434.0,0.0,0.0,0.0,0.0,0.0,0.0,0.0,0.0,0.0,0.0,0.0,0.0,4976552.0,0.0,0.0,0.0,0.0,0.0,0.0,0.0,0.0,0.0,0.0,0.0,0.0,0.0,0.0,0.0,0.0,0.0,0.0,0.0,0.0,0.0,0.0,0.0,0.0,0.0,0.0,209391.0,0.0,0.0,0.0,92225.0,2833347.0,159305.0,0.0,65675.0,0.0,0.0,0.0,0.0,0.0,0.0,0.0,0.0,0.0,0.0,0.0,0.0,0.0,0.0,0.0,0.0,0.0,0.0,0.0,0.0,0.0,0.0,0.0,0.0,0.0,0.0,0.0,0.0,0.0,0.0,0.0,0.0,0.0,0.0,0.0,0.0,0.0,0.0,0.0,0.0,0.0,0.0,0.0,0.0,0.0,0.0,0.0,0.0,0.0,0.0,0.0,0.0,0.0,0.0,0.0,0.0,0.0,657642.0,13111618.0,0.0,0.0,0.0,0.0,0.0,0.0,0.0,0.0,0.0,0.0,0.0,29.0,2.0,59798.0,0.0,0.0,61126.0,99261.0,0.0,0.0
37,0.0,0.0,0.0,0.0,0.0,0.0,0.0,0.0,0.0,0.0,0.0,0.0,0.0,0.0,0.0,0.0,0.0,0.0,0.0,0.0,0.0,0.0,0.0,0.0,0.0,0.0,0.0,0.0,0.0,0.0,0.0,0.0,0.0,0.0,0.0,0.0,15293774.0,1236.0,700.0,0.0,0.0,0.0,0.0,0.0,0.0,0.0,0.0,0.0,0.0,0.0,0.0,0.0,0.0,0.0,0.0,0.0,0.0,0.0,0.0,0.0,0.0,0.0,0.0,0.0,0.0,0.0,0.0,0.0,0.0,0.0,0.0,0.0,0.0,0.0,0.0,0.0,606576.0,1148596.0,68673.0,51068.0,46895.0,5200.0,0.0,0.0,0.0,0.0,0.0,0.0,25785.0,2829630.0,2183429.0,1858631.0,0.0,5027180.0,2457206.0,4875965.0,1142968.0,536386.0,93204.0,124.0,51.0,67724.0,15617.0,364615.0,17847.0,4150.0,167056.0,200586.0,40846.0,371519.0,0.0,106776.0,10209316.0,4411519.0,767054.0,319617.0,4908969.0,33760.0,177826.0,798669.0,0.0,0.0,0.0,0.0,0.0,0.0,0.0,0.0,0.0,2380.0,0.0,0.0,0.0,0.0,0.0,0.0,609.0,0.0,2767.0,953.0,0.0,0.0,0.0,0.0,130363334.0,0.0,0.0,8847.0,0.0,0.0,0.0,0.0,0.0,0.0,0.0,0.0,0.0,0.0,0.0,0.0,0.0,0.0,0.0,8.0,0.0,0.0,0.0,0.0,0.0,0.0,0.0,0.0,0.0,0.0,0.0,0.0,0.0,0.0,0.0,0.0,0.0,0.0,0.0,0.0,0.0
38,0.0,0.0,0.0,0.0,0.0,0.0,0.0,0.0,0.0,0.0,0.0,0.0,0.0,0.0,0.0,0.0,0.0,0.0,0.0,0.0,0.0,0.0,0.0,0.0,0.0,0.0,0.0,0.0,0.0,0.0,0.0,0.0,0.0,0.0,0.0,0.0,0.0,976443.0,1045547.0,0.0,0.0,0.0,0.0,0.0,0.0,0.0,0.0,0.0,0.0,0.0,4427.0,0.0,0.0,0.0,0.0,0.0,0.0,0.0,0.0,0.0,0.0,0.0,0.0,0.0,0.0,0.0,0.0,0.0,0.0,0.0,0.0,0.0,0.0,0.0,0.0,0.0,0.0,0.0,0.0,0.0,0.0,0.0,0.0,0.0,0.0,0.0,0.0,0.0,0.0,0.0,0.0,0.0,0.0,0.0,216406647.0,34333359.0,86505.0,7073926.0,86816.0,0.0,0.0,0.0,0.0,1385458.0,0.0,0.0,0.0,1922.0,0.0,0.0,0.0,0.0,0.0,0.0,0.0,0.0,0.0,0.0,0.0,0.0,0.0,0.0,0.0,0.0,0.0,0.0,0.0,0.0,0.0,0.0,0.0,0.0,0.0,0.0,0.0,0.0,0.0,0.0,0.0,0.0,0.0,0.0,0.0,0.0,0.0,0.0,0.0,0.0,0.0,0.0,0.0,0.0,0.0,0.0,0.0,0.0,0.0,0.0,0.0,0.0,0.0,0.0,0.0,0.0,0.0,0.0,0.0,0.0,0.0,0.0,0.0,0.0,0.0,0.0,0.0,0.0,0.0,0.0,0.0,0.0,0.0,0.0,0.0,0.0,0.0
39,0.0,0.0,0.0,0.0,0.0,0.0,0.0,0.0,0.0,0.0,0.0,0.0,0.0,0.0,0.0,0.0,0.0,0.0,0.0,0.0,0.0,0.0,0.0,0.0,0.0,0.0,0.0,0.0,0.0,0.0,0.0,0.0,0.0,0.0,0.0,0.0,312287.0,2472200.0,34589171.0,13806.0,44036.0,28858.0,212604.0,25284.0,18726.0,350382.0,7270.0,0.0,176.0,0.0,295017.0,112203.0,0.0,0.0,0.0,0.0,0.0,0.0,0.0,0.0,0.0,0.0,0.0,91.0,0.0,303.0,284.0,0.0,0.0,0.0,0.0,0.0,0.0,6644.0,79847.0,5323.0,82335.0,131500.0,11543.0,17157.0,24406.0,133865.0,0.0,9543.0,129862.0,38103.0,81126.0,46305.0,17361.0,73098.0,84945.0,125066.0,0.0,665965.0,16967814.0,4463412.0,7192703.0,2409482.0,163685.0,59288.0,2532.0,57558.0,119294.0,133483.0,86963.0,31985.0,1832.0,108808.0,0.0,301113.0,3073172.0,3369251.0,1018923.0,10762563.0,1400841.0,333392.0,698423.0,47781.0,251360.0,541166.0,0.0,0.0,0.0,0.0,0.0,9853.0,79.0,3637.0,0.0,598.0,179228.0,24278.0,3303.0,0.0,1489.0,6668.0,1762.0,0.0,2188.0,908.0,0.0,0.0,0.0,0.0,58979054.0,11756543.0,168263.0,15829.0,0.0,0.0,0.0,0.0,0.0,0.0,0.0,0.0,0.0,755261.0,1474826.0,185016.0,0.0,139476.0,0.0,0.0,445.0,0.0,0.0,0.0,0.0,0.0,0.0,0.0,0.0,0.0,0.0,0.0,2770898.0,0.0,53689.0,0.0,20.0,0.0,0.0,0.0,0.0
40,0.0,0.0,0.0,0.0,0.0,0.0,0.0,0.0,0.0,0.0,0.0,0.0,0.0,0.0,0.0,0.0,0.0,0.0,0.0,0.0,0.0,0.0,0.0,0.0,0.0,0.0,0.0,0.0,0.0,0.0,0.0,0.0,0.0,0.0,0.0,0.0,0.0,0.0,0.0,803.0,0.0,0.0,0.0,0.0,0.0,0.0,0.0,0.0,0.0,0.0,0.0,0.0,0.0,0.0,0.0,0.0,0.0,0.0,0.0,0.0,0.0,0.0,0.0,0.0,0.0,0.0,0.0,0.0,0.0,0.0,0.0,0.0,0.0,0.0,0.0,0.0,0.0,0.0,0.0,0.0,0.0,0.0,0.0,0.0,0.0,0.0,0.0,0.0,0.0,0.0,0.0,0.0,0.0,0.0,0.0,0.0,0.0,0.0,0.0,0.0,0.0,0.0,0.0,0.0,0.0,0.0,0.0,0.0,0.0,0.0,0.0,0.0,0.0,11524606.0,1693.0,239388.0,0.0,0.0,0.0,0.0,0.0,0.0,0.0,0.0,0.0,0.0,0.0,0.0,0.0,0.0,0.0,0.0,0.0,0.0,0.0,0.0,0.0,0.0,0.0,0.0,0.0,0.0,0.0,0.0,0.0,0.0,0.0,0.0,0.0,0.0,0.0,0.0,0.0,0.0,0.0,0.0,0.0,0.0,0.0,0.0,0.0,0.0,0.0,0.0,0.0,0.0,0.0,0.0,0.0,0.0,0.0,0.0,0.0,0.0,0.0,0.0,0.0,0.0,0.0,0.0,0.0,0.0,0.0,0.0,0.0
41,0.0,0.0,0.0,0.0,0.0,0.0,0.0,0.0,0.0,0.0,0.0,0.0,0.0,0.0,0.0,0.0,0.0,0.0,0.0,0.0,0.0,0.0,0.0,0.0,0.0,0.0,0.0,0.0,0.0,0.0,0.0,0.0,0.0,0.0,0.0,0.0,0.0,0.0,0.0,0.0,84227.0,0.0,0.0,0.0,0.0,0.0,0.0,0.0,0.0,0.0,0.0,0.0,0.0,0.0,0.0,0.0,0.0,0.0,0.0,0.0,0.0,0.0,0.0,0.0,0.0,0.0,0.0,0.0,0.0,0.0,0.0,0.0,0.0,0.0,0.0,0.0,0.0,0.0,0.0,0.0,0.0,0.0,0.0,0.0,0.0,0.0,0.0,0.0,0.0,0.0,0.0,0.0,0.0,0.0,0.0,0.0,0.0,0.0,0.0,0.0,0.0,0.0,0.0,0.0,0.0,0.0,0.0,0.0,0.0,0.0,0.0,0.0,0.0,12016618.0,3814420.0,470788.0,0.0,0.0,0.0,0.0,0.0,0.0,0.0,0.0,0.0,0.0,0.0,0.0,0.0,0.0,0.0,0.0,0.0,0.0,0.0,0.0,0.0,0.0,0.0,0.0,0.0,0.0,0.0,0.0,0.0,0.0,0.0,0.0,0.0,0.0,0.0,0.0,0.0,0.0,0.0,0.0,0.0,0.0,0.0,0.0,0.0,0.0,0.0,0.0,0.0,0.0,0.0,0.0,0.0,0.0,0.0,0.0,0.0,0.0,0.0,0.0,0.0,0.0,0.0,0.0,0.0,0.0,0.0,0.0,0.0
42,0.0,0.0,0.0,0.0,0.0,0.0,0.0,0.0,0.0,0.0,0.0,0.0,0.0,0.0,0.0,0.0,0.0,0.0,0.0,0.0,0.0,0.0,0.0,0.0,0.0,0.0,0.0,0.0,0.0,0.0,0.0,0.0,0.0,0.0,0.0,0.0,0.0,0.0,0.0,0.0,0.0,26460.0,0.0,0.0,0.0,0.0,0.0,0.0,0.0,0.0,0.0,0.0,0.0,0.0,0.0,0.0,0.0,0.0,0.0,0.0,0.0,0.0,0.0,0.0,0.0,0.0,0.0,0.0,0.0,0.0,0.0,0.0,0.0,0.0,0.0,0.0,0.0,0.0,0.0,0.0,0.0,0.0,0.0,0.0,0.0,0.0,0.0,0.0,0.0,0.0,0.0,0.0,0.0,0.0,0.0,0.0,0.0,0.0,0.0,0.0,0.0,0.0,0.0,0.0,0.0,0.0,0.0,0.0,0.0,0.0,0.0,0.0,0.0,777849.0,475506.0,20611.0,0.0,0.0,0.0,0.0,0.0,0.0,0.0,0.0,0.0,0.0,0.0,0.0,0.0,0.0,0.0,0.0,0.0,0.0,0.0,0.0,0.0,0.0,0.0,0.0,0.0,0.0,0.0,0.0,0.0,0.0,0.0,0.0,0.0,0.0,0.0,0.0,0.0,0.0,0.0,0.0,0.0,0.0,0.0,0.0,0.0,0.0,0.0,0.0,0.0,0.0,0.0,0.0,0.0,0.0,0.0,0.0,0.0,0.0,0.0,0.0,0.0,0.0,0.0,0.0,0.0,0.0,0.0,0.0,0.0
43,0.0,0.0,0.0,0.0,0.0,0.0,0.0,0.0,0.0,0.0,0.0,0.0,0.0,0.0,0.0,0.0,0.0,0.0,0.0,0.0,0.0,0.0,0.0,0.0,0.0,0.0,0.0,0.0,0.0,0.0,0.0,0.0,0.0,0.0,0.0,0.0,0.0,0.0,0.0,0.0,0.0,0.0,288181.0,0.0,0.0,0.0,0.0,0.0,0.0,0.0,0.0,0.0,0.0,0.0,0.0,0.0,0.0,0.0,0.0,0.0,0.0,0.0,0.0,0.0,0.0,0.0,0.0,0.0,0.0,0.0,0.0,0.0,0.0,0.0,0.0,0.0,0.0,0.0,0.0,0.0,0.0,0.0,0.0,0.0,0.0,0.0,0.0,0.0,0.0,0.0,0.0,0.0,0.0,0.0,0.0,0.0,0.0,0.0,0.0,0.0,0.0,0.0,0.0,0.0,0.0,0.0,0.0,0.0,0.0,0.0,0.0,0.0,0.0,4450100.0,19271258.0,920252.0,0.0,0.0,0.0,0.0,0.0,0.0,0.0,0.0,0.0,0.0,0.0,0.0,0.0,0.0,0.0,0.0,0.0,0.0,0.0,0.0,0.0,776.0,0.0,0.0,0.0,0.0,0.0,0.0,0.0,0.0,0.0,0.0,0.0,0.0,0.0,0.0,0.0,0.0,0.0,0.0,0.0,0.0,0.0,0.0,0.0,0.0,0.0,0.0,0.0,0.0,0.0,0.0,0.0,0.0,0.0,0.0,0.0,0.0,0.0,0.0,0.0,0.0,0.0,0.0,0.0,0.0,0.0,0.0,0.0
44,0.0,0.0,0.0,0.0,0.0,0.0,0.0,0.0,0.0,0.0,0.0,0.0,0.0,0.0,0.0,0.0,0.0,0.0,0.0,0.0,0.0,0.0,0.0,0.0,0.0,0.0,0.0,0.0,0.0,0.0,0.0,0.0,0.0,0.0,0.0,0.0,0.0,0.0,0.0,0.0,0.0,0.0,0.0,1139.0,0.0,0.0,0.0,0.0,0.0,0.0,0.0,0.0,0.0,0.0,0.0,0.0,0.0,0.0,0.0,0.0,0.0,0.0,0.0,0.0,0.0,0.0,0.0,0.0,0.0,0.0,0.0,0.0,0.0,0.0,0.0,0.0,0.0,0.0,0.0,0.0,0.0,0.0,0.0,0.0,0.0,0.0,0.0,0.0,0.0,0.0,0.0,0.0,0.0,0.0,0.0,0.0,0.0,0.0,0.0,0.0,0.0,0.0,0.0,0.0,0.0,0.0,0.0,0.0,0.0,0.0,0.0,0.0,0.0,3823749.0,2534696.0,95389.0,0.0,0.0,0.0,0.0,0.0,0.0,0.0,0.0,0.0,0.0,0.0,0.0,0.0,0.0,0.0,0.0,0.0,0.0,0.0,0.0,0.0,0.0,0.0,0.0,0.0,0.0,0.0,0.0,0.0,0.0,0.0,0.0,0.0,0.0,0.0,0.0,0.0,0.0,0.0,0.0,0.0,0.0,0.0,0.0,0.0,0.0,0.0,0.0,0.0,0.0,0.0,0.0,0.0,0.0,0.0,0.0,0.0,0.0,0.0,0.0,0.0,0.0,0.0,0.0,0.0,0.0,0.0,0.0,0.0
45,0.0,0.0,0.0,0.0,0.0,0.0,0.0,0.0,0.0,0.0,0.0,0.0,0.0,0.0,0.0,0.0,0.0,0.0,0.0,0.0,0.0,0.0,0.0,0.0,0.0,0.0,0.0,0.0,0.0,0.0,0.0,0.0,0.0,0.0,0.0,0.0,0.0,0.0,0.0,0.0,0.0,0.0,0.0,0.0,8828.0,0.0,0.0,0.0,0.0,0.0,0.0,0.0,0.0,0.0,0.0,0.0,0.0,0.0,0.0,0.0,0.0,0.0,0.0,0.0,0.0,0.0,0.0,0.0,0.0,0.0,0.0,0.0,0.0,0.0,0.0,0.0,0.0,0.0,0.0,0.0,0.0,0.0,0.0,0.0,0.0,0.0,0.0,0.0,0.0,0.0,0.0,0.0,0.0,0.0,364.0,0.0,0.0,0.0,0.0,0.0,0.0,0.0,0.0,0.0,0.0,0.0,0.0,0.0,0.0,0.0,0.0,0.0,0.0,2680129.0,3076678.0,275636.0,0.0,0.0,0.0,0.0,0.0,0.0,0.0,0.0,0.0,0.0,0.0,0.0,0.0,0.0,0.0,0.0,0.0,0.0,0.0,0.0,0.0,0.0,0.0,0.0,0.0,0.0,0.0,0.0,0.0,0.0,0.0,0.0,0.0,0.0,0.0,0.0,0.0,0.0,0.0,0.0,0.0,0.0,0.0,0.0,0.0,0.0,0.0,0.0,0.0,0.0,0.0,0.0,0.0,0.0,0.0,0.0,0.0,0.0,0.0,0.0,0.0,0.0,0.0,0.0,0.0,0.0,0.0,0.0,0.0
46,0.0,0.0,0.0,0.0,0.0,0.0,0.0,0.0,0.0,0.0,0.0,0.0,0.0,0.0,0.0,0.0,0.0,0.0,0.0,0.0,0.0,0.0,0.0,0.0,0.0,0.0,0.0,0.0,0.0,0.0,0.0,0.0,0.0,0.0,0.0,0.0,0.0,0.0,0.0,0.0,0.0,0.0,0.0,0.0,0.0,801811.0,0.0,0.0,0.0,0.0,0.0,0.0,0.0,0.0,0.0,0.0,0.0,0.0,0.0,0.0,0.0,0.0,0.0,0.0,0.0,0.0,0.0,0.0,0.0,0.0,0.0,0.0,0.0,0.0,0.0,0.0,0.0,0.0,0.0,0.0,0.0,0.0,0.0,0.0,0.0,0.0,0.0,0.0,0.0,0.0,0.0,0.0,0.0,0.0,0.0,0.0,0.0,0.0,0.0,0.0,0.0,0.0,0.0,0.0,0.0,0.0,0.0,0.0,0.0,0.0,0.0,0.0,0.0,7047243.0,75043568.0,268326.0,0.0,0.0,0.0,0.0,0.0,0.0,0.0,0.0,0.0,0.0,0.0,0.0,0.0,0.0,0.0,0.0,0.0,0.0,0.0,0.0,0.0,2858837.0,0.0,0.0,0.0,0.0,0.0,0.0,0.0,0.0,0.0,0.0,0.0,0.0,0.0,0.0,0.0,0.0,0.0,0.0,0.0,0.0,0.0,0.0,0.0,0.0,0.0,0.0,0.0,0.0,0.0,0.0,0.0,0.0,0.0,0.0,0.0,0.0,0.0,0.0,0.0,0.0,0.0,0.0,0.0,0.0,0.0,0.0,0.0
47,0.0,0.0,0.0,0.0,0.0,0.0,0.0,0.0,0.0,0.0,0.0,0.0,0.0,0.0,0.0,0.0,0.0,0.0,0.0,0.0,0.0,0.0,0.0,0.0,0.0,0.0,0.0,0.0,0.0,0.0,0.0,0.0,0.0,0.0,0.0,0.0,0.0,0.0,0.0,0.0,0.0,0.0,0.0,0.0,0.0,0.0,3562.0,0.0,0.0,0.0,0.0,0.0,0.0,0.0,0.0,0.0,0.0,0.0,0.0,0.0,0.0,0.0,0.0,0.0,0.0,0.0,0.0,0.0,0.0,0.0,0.0,0.0,0.0,0.0,0.0,0.0,0.0,0.0,0.0,0.0,0.0,0.0,0.0,0.0,0.0,0.0,0.0,0.0,0.0,0.0,0.0,0.0,0.0,0.0,0.0,0.0,0.0,0.0,0.0,0.0,0.0,0.0,0.0,0.0,0.0,0.0,0.0,0.0,0.0,0.0,0.0,0.0,0.0,178787.0,1029199.0,118417.0,0.0,0.0,0.0,0.0,0.0,0.0,0.0,0.0,0.0,0.0,0.0,0.0,0.0,0.0,0.0,0.0,0.0,0.0,0.0,0.0,0.0,501779.0,0.0,0.0,0.0,0.0,0.0,0.0,0.0,0.0,0.0,0.0,0.0,0.0,0.0,0.0,0.0,0.0,0.0,0.0,0.0,0.0,0.0,0.0,0.0,0.0,0.0,0.0,0.0,0.0,0.0,0.0,0.0,0.0,0.0,0.0,0.0,0.0,0.0,0.0,0.0,0.0,0.0,0.0,0.0,0.0,0.0,0.0,0.0
48,0.0,0.0,0.0,0.0,0.0,0.0,0.0,0.0,0.0,0.0,0.0,0.0,0.0,0.0,111.0,0.0,0.0,65936.0,198.0,2522.0,37.0,133.0,95.0,135.0,256.0,0.0,0.0,0.0,0.0,0.0,0.0,0.0,7905.0,0.0,0.0,0.0,0.0,0.0,0.0,0.0,0.0,0.0,0.0,0.0,0.0,0.0,0.0,1462440.0,0.0,0.0,0.0,0.0,0.0,0.0,0.0,0.0,0.0,0.0,0.0,0.0,0.0,0.0,0.0,0.0,0.0,0.0,0.0,0.0,0.0,0.0,0.0,0.0,0.0,0.0,0.0,0.0,0.0,0.0,0.0,0.0,0.0,0.0,0.0,0.0,0.0,0.0,0.0,0.0,0.0,0.0,0.0,0.0,0.0,16067222.0,1796.0,14112.0,1318008.0,1013.0,15870.0,3791.0,106.0,0.0,0.0,241.0,0.0,0.0,0.0,0.0,0.0,0.0,6378402.0,7672884.0,7355172.0,1142356.0,3247.0,94956.0,133020.0,12912.0,54761.0,200759.0,0.0,0.0,0.0,0.0,0.0,0.0,0.0,1549.0,0.0,0.0,0.0,0.0,0.0,0.0,0.0,0.0,1133.0,3139897.0,0.0,0.0,0.0,0.0,0.0,0.0,0.0,0.0,0.0,270.0,146978239.0,8546664.0,3396010.0,17314461.0,61391960.0,0.0,0.0,0.0,0.0,0.0,0.0,0.0,0.0,0.0,0.0,0.0,0.0,0.0,0.0,0.0,0.0,0.0,0.0,0.0,0.0,0.0,0.0,6163.0,0.0,0.0,0.0,0.0,106.0,0.0,0.0,0.0,0.0
49,0.0,0.0,0.0,0.0,0.0,0.0,0.0,0.0,0.0,0.0,0.0,0.0,0.0,0.0,0.0,0.0,0.0,0.0,0.0,0.0,0.0,0.0,0.0,0.0,0.0,0.0,0.0,0.0,0.0,0.0,0.0,0.0,0.0,0.0,0.0,0.0,0.0,0.0,0.0,0.0,0.0,0.0,0.0,0.0,0.0,0.0,0.0,0.0,109.0,0.0,0.0,0.0,0.0,0.0,0.0,0.0,0.0,0.0,0.0,0.0,0.0,0.0,0.0,0.0,0.0,0.0,0.0,0.0,0.0,0.0,0.0,0.0,0.0,0.0,0.0,0.0,0.0,0.0,0.0,0.0,0.0,0.0,0.0,0.0,0.0,0.0,0.0,0.0,0.0,0.0,0.0,0.0,0.0,16820.0,109072.0,12415769.0,15681524.0,3369495.0,127508.0,0.0,0.0,0.0,773.0,1413339.0,266971.0,27.0,0.0,0.0,0.0,0.0,0.0,271430.0,34322.0,705468.0,4649.0,14677.0,15750.0,238.0,23347.0,10261.0,0.0,0.0,0.0,0.0,0.0,0.0,0.0,0.0,0.0,0.0,0.0,0.0,0.0,0.0,0.0,0.0,0.0,0.0,0.0,0.0,0.0,0.0,0.0,0.0,0.0,0.0,0.0,0.0,0.0,0.0,0.0,0.0,0.0,0.0,0.0,0.0,0.0,0.0,0.0,0.0,0.0,0.0,0.0,0.0,0.0,0.0,0.0,0.0,0.0,0.0,0.0,0.0,0.0,0.0,0.0,0.0,0.0,0.0,0.0,0.0,0.0,0.0,0.0,0.0,0.0
50,0.0,0.0,0.0,0.0,0.0,0.0,0.0,0.0,0.0,0.0,0.0,0.0,0.0,0.0,0.0,0.0,0.0,0.0,0.0,0.0,0.0,0.0,0.0,0.0,0.0,0.0,0.0,0.0,0.0,0.0,0.0,0.0,48588.0,0.0,0.0,0.0,0.0,0.0,0.0,0.0,0.0,0.0,0.0,0.0,0.0,0.0,0.0,0.0,0.0,50297.0,0.0,0.0,0.0,0.0,1531887.0,205006.0,0.0,318.0,712.0,0.0,0.0,0.0,0.0,0.0,0.0,0.0,0.0,0.0,0.0,0.0,0.0,0.0,0.0,0.0,0.0,0.0,0.0,0.0,0.0,0.0,0.0,0.0,0.0,0.0,0.0,0.0,0.0,0.0,0.0,30350.0,0.0,0.0,0.0,0.0,0.0,1919475.0,2087.0,0.0,0.0,0.0,0.0,0.0,167834.0,0.0,0.0,66097.0,0.0,0.0,0.0,0.0,0.0,0.0,0.0,0.0,0.0,0.0,0.0,0.0,0.0,0.0,0.0,0.0,0.0,0.0,0.0,0.0,0.0,0.0,0.0,0.0,0.0,0.0,0.0,0.0,0.0,0.0,0.0,0.0,0.0,0.0,0.0,0.0,0.0,0.0,0.0,0.0,0.0,0.0,0.0,0.0,0.0,0.0,0.0,0.0,0.0,52769.0,0.0,0.0,0.0,0.0,0.0,0.0,0.0,0.0,0.0,0.0,0.0,0.0,0.0,0.0,0.0,0.0,0.0,0.0,0.0,0.0,3535.0,0.0,18919.0,0.0,323.0,1380.0,0.0,0.0,0.0
51,0.0,0.0,0.0,0.0,0.0,0.0,0.0,0.0,0.0,0.0,0.0,0.0,0.0,0.0,0.0,0.0,0.0,0.0,0.0,0.0,0.0,0.0,0.0,0.0,0.0,0.0,0.0,0.0,0.0,0.0,0.0,0.0,0.0,0.0,0.0,0.0,0.0,18982884.0,15501101.0,0.0,0.0,0.0,0.0,0.0,0.0,0.0,0.0,0.0,0.0,0.0,176861.0,0.0,0.0,0.0,0.0,0.0,0.0,0.0,0.0,0.0,0.0,0.0,0.0,0.0,0.0,0.0,0.0,0.0,0.0,0.0,0.0,0.0,0.0,0.0,0.0,0.0,0.0,0.0,0.0,0.0,0.0,0.0,0.0,0.0,0.0,0.0,0.0,0.0,0.0,0.0,0.0,0.0,0.0,0.0,0.0,0.0,0.0,0.0,0.0,0.0,0.0,0.0,0.0,0.0,0.0,0.0,0.0,0.0,0.0,0.0,0.0,0.0,0.0,0.0,0.0,0.0,0.0,0.0,0.0,0.0,0.0,0.0,0.0,0.0,0.0,0.0,0.0,0.0,0.0,0.0,0.0,0.0,0.0,0.0,0.0,0.0,0.0,0.0,0.0,0.0,0.0,0.0,0.0,0.0,0.0,0.0,0.0,0.0,0.0,0.0,0.0,0.0,0.0,0.0,0.0,0.0,0.0,0.0,0.0,0.0,0.0,0.0,0.0,0.0,0.0,0.0,0.0,0.0,0.0,0.0,0.0,0.0,0.0,0.0,0.0,0.0,0.0,0.0,0.0,0.0,0.0,0.0,0.0,0.0,0.0
52,0.0,0.0,0.0,0.0,0.0,0.0,0.0,0.0,0.0,0.0,0.0,0.0,0.0,0.0,0.0,0.0,0.0,0.0,0.0,0.0,0.0,0.0,0.0,0.0,0.0,0.0,0.0,0.0,0.0,0.0,0.0,0.0,0.0,0.0,0.0,0.0,31968659.0,0.0,79524.0,573767.0,1244190.0,1129240.0,1937695.0,429002.0,217517.0,2558105.0,81061.0,3749145.0,1837880.0,208460.0,0.0,312123.0,0.0,0.0,0.0,0.0,0.0,0.0,0.0,0.0,0.0,0.0,0.0,0.0,0.0,0.0,0.0,0.0,0.0,0.0,0.0,0.0,0.0,0.0,0.0,0.0,0.0,0.0,0.0,0.0,0.0,0.0,0.0,0.0,0.0,0.0,0.0,0.0,0.0,0.0,0.0,0.0,0.0,0.0,0.0,0.0,0.0,0.0,0.0,0.0,0.0,0.0,0.0,0.0,0.0,0.0,0.0,0.0,0.0,0.0,0.0,0.0,0.0,0.0,0.0,0.0,0.0,0.0,0.0,0.0,0.0,0.0,0.0,0.0,0.0,0.0,0.0,0.0,0.0,0.0,0.0,0.0,0.0,0.0,0.0,0.0,0.0,0.0,0.0,0.0,0.0,0.0,0.0,0.0,0.0,0.0,0.0,0.0,0.0,0.0,0.0,0.0,0.0,0.0,0.0,0.0,0.0,0.0,0.0,0.0,0.0,0.0,0.0,0.0,0.0,0.0,0.0,0.0,0.0,0.0,0.0,0.0,0.0,0.0,0.0,0.0,0.0,0.0,0.0,0.0,0.0,0.0,0.0,0.0,0.0
53,0.0,0.0,0.0,0.0,0.0,0.0,0.0,0.0,0.0,0.0,0.0,0.0,0.0,0.0,0.0,0.0,0.0,0.0,0.0,0.0,0.0,0.0,0.0,0.0,0.0,0.0,0.0,0.0,0.0,0.0,0.0,0.0,0.0,0.0,0.0,0.0,0.0,0.0,0.0,0.0,0.0,0.0,0.0,0.0,0.0,0.0,0.0,0.0,0.0,0.0,0.0,0.0,1892511.0,23850518.0,0.0,0.0,0.0,0.0,0.0,0.0,0.0,0.0,0.0,0.0,0.0,0.0,2807.0,0.0,0.0,0.0,6396155.0,188372.0,0.0,0.0,0.0,0.0,0.0,0.0,0.0,0.0,0.0,0.0,4695810.0,704525.0,343107.0,0.0,0.0,0.0,0.0,0.0,0.0,0.0,0.0,0.0,0.0,0.0,0.0,0.0,0.0,0.0,0.0,0.0,0.0,0.0,0.0,0.0,0.0,0.0,0.0,0.0,0.0,0.0,0.0,0.0,0.0,0.0,0.0,0.0,0.0,0.0,0.0,0.0,0.0,0.0,0.0,0.0,0.0,0.0,0.0,0.0,0.0,0.0,0.0,0.0,0.0,0.0,0.0,0.0,0.0,0.0,0.0,0.0,0.0,0.0,0.0,0.0,0.0,0.0,0.0,0.0,0.0,0.0,0.0,0.0,0.0,0.0,0.0,0.0,495978.0,0.0,0.0,0.0,0.0,4626578.0,50497960.0,0.0,0.0,0.0,0.0,0.0,0.0,0.0,0.0,0.0,0.0,0.0,49093.0,11073.0,852894.0,0.0,1309770.0,7329323.0,745949.0,0.0,10219318.0
54,0.0,0.0,0.0,0.0,0.0,0.0,0.0,0.0,0.0,0.0,0.0,0.0,0.0,0.0,0.0,0.0,0.0,0.0,0.0,0.0,0.0,0.0,0.0,0.0,0.0,0.0,0.0,0.0,0.0,0.0,0.0,0.0,0.0,0.0,0.0,0.0,0.0,0.0,0.0,0.0,0.0,0.0,0.0,0.0,0.0,0.0,0.0,0.0,0.0,0.0,0.0,0.0,2995.0,1556.0,0.0,0.0,0.0,0.0,0.0,0.0,0.0,0.0,0.0,0.0,0.0,0.0,1620.0,0.0,0.0,0.0,56988.0,7374.0,0.0,0.0,0.0,0.0,0.0,0.0,0.0,0.0,0.0,0.0,0.0,0.0,0.0,0.0,0.0,0.0,0.0,0.0,0.0,0.0,0.0,0.0,0.0,0.0,0.0,0.0,0.0,0.0,0.0,0.0,0.0,0.0,0.0,0.0,0.0,0.0,0.0,0.0,0.0,0.0,0.0,0.0,0.0,0.0,0.0,0.0,0.0,0.0,0.0,0.0,0.0,0.0,0.0,0.0,0.0,0.0,0.0,0.0,0.0,0.0,0.0,0.0,0.0,0.0,0.0,0.0,0.0,0.0,0.0,0.0,0.0,0.0,0.0,0.0,0.0,0.0,0.0,0.0,0.0,0.0,0.0,0.0,0.0,0.0,0.0,0.0,252507.0,0.0,0.0,0.0,0.0,1585513.0,4899773.0,0.0,0.0,0.0,0.0,0.0,0.0,0.0,0.0,0.0,0.0,0.0,9456.0,72820.0,7878450.0,15499.0,234709.0,2475246.0,259278.0,0.0,1214836.0
55,0.0,0.0,0.0,0.0,0.0,0.0,0.0,0.0,0.0,0.0,0.0,0.0,0.0,0.0,0.0,0.0,0.0,0.0,0.0,0.0,0.0,0.0,0.0,0.0,0.0,0.0,0.0,0.0,0.0,0.0,0.0,0.0,0.0,0.0,0.0,0.0,0.0,0.0,0.0,0.0,0.0,0.0,0.0,0.0,0.0,0.0,0.0,0.0,0.0,0.0,0.0,0.0,0.0,0.0,37963.0,7572.0,0.0,0.0,0.0,0.0,0.0,0.0,0.0,0.0,0.0,0.0,0.0,0.0,0.0,0.0,18013.0,0.0,0.0,0.0,0.0,0.0,0.0,0.0,0.0,0.0,0.0,0.0,0.0,0.0,0.0,0.0,0.0,0.0,0.0,0.0,0.0,0.0,0.0,0.0,0.0,0.0,0.0,0.0,0.0,0.0,0.0,0.0,0.0,0.0,0.0,0.0,0.0,0.0,0.0,0.0,0.0,0.0,0.0,0.0,0.0,0.0,0.0,0.0,0.0,0.0,0.0,0.0,0.0,0.0,0.0,0.0,0.0,0.0,0.0,0.0,0.0,0.0,0.0,0.0,0.0,0.0,0.0,0.0,0.0,0.0,0.0,0.0,0.0,0.0,0.0,0.0,0.0,0.0,0.0,0.0,0.0,0.0,0.0,0.0,0.0,0.0,0.0,0.0,207593.0,0.0,0.0,0.0,0.0,381102.0,5847831.0,0.0,0.0,0.0,0.0,0.0,0.0,0.0,0.0,0.0,0.0,0.0,169.0,10.0,1806.0,0.0,10507.0,33522.0,38654.0,0.0,24614.0
56,0.0,0.0,0.0,0.0,0.0,0.0,0.0,0.0,0.0,0.0,0.0,0.0,0.0,0.0,0.0,0.0,0.0,0.0,0.0,0.0,0.0,0.0,0.0,0.0,0.0,0.0,0.0,0.0,0.0,0.0,0.0,0.0,0.0,0.0,0.0,0.0,0.0,0.0,0.0,0.0,0.0,0.0,0.0,0.0,0.0,0.0,0.0,0.0,0.0,0.0,0.0,0.0,0.0,0.0,129580.0,469223.0,0.0,2595900.0,0.0,0.0,0.0,0.0,0.0,0.0,0.0,0.0,146.0,0.0,0.0,0.0,145328.0,0.0,0.0,0.0,0.0,0.0,0.0,0.0,0.0,0.0,0.0,0.0,0.0,0.0,0.0,0.0,0.0,0.0,0.0,0.0,0.0,0.0,0.0,0.0,0.0,0.0,0.0,0.0,0.0,0.0,0.0,0.0,0.0,0.0,0.0,0.0,0.0,0.0,0.0,0.0,0.0,0.0,0.0,0.0,0.0,0.0,0.0,0.0,0.0,0.0,0.0,0.0,0.0,0.0,0.0,0.0,0.0,0.0,0.0,0.0,0.0,0.0,0.0,0.0,0.0,0.0,0.0,0.0,0.0,0.0,0.0,0.0,0.0,0.0,0.0,0.0,0.0,0.0,0.0,0.0,0.0,0.0,0.0,0.0,0.0,0.0,0.0,0.0,229980.0,0.0,0.0,0.0,0.0,2138220.0,16399476.0,0.0,0.0,0.0,0.0,0.0,0.0,0.0,0.0,0.0,0.0,0.0,25873.0,1572.0,1428.0,0.0,32580.0,11396.0,215136.0,0.0,10808.0
57,0.0,0.0,0.0,0.0,0.0,0.0,0.0,0.0,0.0,0.0,0.0,0.0,0.0,0.0,0.0,0.0,0.0,0.0,0.0,0.0,0.0,0.0,0.0,0.0,0.0,0.0,0.0,0.0,0.0,0.0,0.0,0.0,0.0,0.0,0.0,0.0,0.0,0.0,0.0,0.0,0.0,0.0,0.0,0.0,0.0,0.0,0.0,0.0,0.0,0.0,0.0,0.0,0.0,0.0,0.0,0.0,368247.0,947362.0,0.0,689167.0,12586.0,0.0,0.0,0.0,0.0,5070.0,33047.0,0.0,0.0,6337757.0,135750.0,0.0,0.0,9386.0,0.0,0.0,0.0,0.0,0.0,0.0,0.0,0.0,0.0,0.0,0.0,0.0,0.0,0.0,0.0,0.0,0.0,0.0,0.0,0.0,0.0,0.0,0.0,0.0,0.0,0.0,0.0,0.0,0.0,0.0,19053.0,0.0,0.0,0.0,0.0,0.0,0.0,0.0,0.0,0.0,0.0,0.0,0.0,0.0,0.0,0.0,0.0,0.0,0.0,0.0,0.0,0.0,0.0,0.0,0.0,0.0,0.0,0.0,0.0,0.0,0.0,0.0,0.0,0.0,0.0,0.0,0.0,0.0,0.0,0.0,0.0,0.0,0.0,0.0,0.0,0.0,0.0,0.0,0.0,0.0,0.0,0.0,0.0,0.0,28146.0,0.0,0.0,0.0,0.0,455896.0,5804132.0,0.0,0.0,0.0,0.0,0.0,0.0,0.0,0.0,0.0,0.0,0.0,3040.0,161.0,75907.0,0.0,53739.0,175913.0,42031.0,0.0,217276.0
58,0.0,0.0,0.0,0.0,0.0,0.0,0.0,0.0,0.0,0.0,0.0,0.0,0.0,0.0,0.0,0.0,0.0,0.0,0.0,0.0,0.0,0.0,0.0,0.0,0.0,0.0,0.0,0.0,0.0,0.0,0.0,0.0,0.0,0.0,0.0,0.0,0.0,0.0,0.0,0.0,0.0,0.0,0.0,0.0,0.0,0.0,0.0,0.0,0.0,0.0,0.0,0.0,60707.0,184934.0,0.0,0.0,64200.0,112631581.0,0.0,7299495.0,0.0,0.0,0.0,10552581.0,0.0,559431.0,4860528.0,0.0,0.0,957219.0,1966926.0,0.0,0.0,3327.0,0.0,0.0,0.0,0.0,0.0,0.0,0.0,0.0,0.0,0.0,0.0,0.0,0.0,0.0,0.0,0.0,0.0,0.0,0.0,0.0,0.0,45953918.0,100031.0,67127.0,25796.0,6910751.0,578465.0,28275607.0,13536148.0,2046222.0,689823.0,547057.0,0.0,0.0,0.0,0.0,0.0,0.0,0.0,0.0,0.0,0.0,0.0,0.0,0.0,0.0,0.0,0.0,0.0,0.0,0.0,0.0,0.0,343.0,0.0,4.0,0.0,0.0,0.0,0.0,0.0,0.0,0.0,0.0,0.0,0.0,0.0,0.0,0.0,0.0,0.0,0.0,0.0,0.0,0.0,0.0,0.0,0.0,0.0,0.0,0.0,0.0,0.0,0.0,748137.0,0.0,0.0,0.0,0.0,3319180.0,55116025.0,0.0,0.0,0.0,0.0,0.0,0.0,0.0,0.0,0.0,0.0,0.0,2010.0,4256.0,169415.0,0.0,1308007.0,1046359.0,68423.0,0.0,221098.0
59,0.0,0.0,0.0,0.0,0.0,0.0,0.0,0.0,0.0,0.0,0.0,0.0,0.0,0.0,0.0,0.0,0.0,0.0,0.0,0.0,0.0,0.0,0.0,0.0,0.0,343724.0,27282.0,25354.0,239.0,0.0,0.0,0.0,0.0,0.0,0.0,0.0,0.0,0.0,0.0,0.0,0.0,0.0,0.0,0.0,0.0,0.0,0.0,0.0,0.0,0.0,0.0,0.0,6748.0,8157.0,0.0,9211.0,228.0,5974027.0,2154297.0,0.0,0.0,0.0,0.0,21324.0,0.0,91.0,0.0,0.0,0.0,2651.0,67807.0,0.0,0.0,2819.0,0.0,0.0,0.0,0.0,0.0,0.0,0.0,0.0,5209.0,0.0,0.0,0.0,0.0,0.0,0.0,0.0,0.0,0.0,0.0,0.0,0.0,189.0,2576.0,0.0,0.0,558208.0,0.0,148686.0,3448.0,8982.0,21065.0,32.0,0.0,0.0,0.0,0.0,0.0,0.0,0.0,0.0,0.0,0.0,0.0,0.0,0.0,0.0,0.0,0.0,0.0,0.0,0.0,0.0,0.0,0.0,0.0,0.0,0.0,0.0,0.0,0.0,0.0,0.0,0.0,0.0,0.0,0.0,0.0,0.0,0.0,0.0,0.0,0.0,0.0,0.0,0.0,0.0,0.0,0.0,0.0,0.0,0.0,0.0,0.0,0.0,0.0,0.0,0.0,0.0,0.0,767030.0,7433952.0,0.0,0.0,0.0,0.0,0.0,0.0,0.0,0.0,0.0,0.0,0.0,2060.0,155.0,28529.0,0.0,31078.0,102388.0,68642.0,0.0,78956.0
60,0.0,0.0,0.0,0.0,0.0,0.0,0.0,0.0,0.0,0.0,0.0,0.0,0.0,0.0,0.0,0.0,0.0,0.0,0.0,0.0,0.0,0.0,0.0,0.0,0.0,0.0,0.0,0.0,0.0,0.0,0.0,0.0,0.0,0.0,0.0,0.0,0.0,0.0,0.0,0.0,0.0,0.0,0.0,0.0,0.0,0.0,0.0,0.0,0.0,0.0,0.0,0.0,12925.0,0.0,0.0,0.0,1682.0,0.0,0.0,12905362.0,203543.0,0.0,0.0,250223.0,0.0,469761.0,2197981.0,9670.0,1181.0,0.0,538415.0,156225.0,202.0,2253.0,0.0,0.0,0.0,0.0,0.0,0.0,0.0,0.0,0.0,0.0,0.0,0.0,0.0,0.0,0.0,0.0,0.0,0.0,0.0,0.0,0.0,0.0,0.0,0.0,0.0,0.0,0.0,0.0,0.0,0.0,15470.0,20049.0,0.0,0.0,0.0,0.0,0.0,0.0,0.0,0.0,0.0,0.0,0.0,0.0,0.0,0.0,0.0,0.0,0.0,0.0,0.0,0.0,0.0,0.0,0.0,0.0,0.0,0.0,0.0,0.0,0.0,0.0,0.0,0.0,0.0,0.0,0.0,0.0,0.0,0.0,0.0,0.0,0.0,0.0,0.0,0.0,0.0,0.0,0.0,0.0,0.0,0.0,0.0,0.0,89875.0,0.0,0.0,0.0,0.0,567461.0,4831367.0,0.0,0.0,0.0,0.0,0.0,0.0,0.0,0.0,0.0,0.0,0.0,14994.0,787.0,363414.0,0.0,206278.0,1477307.0,24691.0,0.0,972039.0
61,0.0,0.0,0.0,0.0,0.0,0.0,0.0,0.0,0.0,0.0,0.0,0.0,0.0,0.0,0.0,0.0,0.0,0.0,0.0,0.0,0.0,0.0,0.0,0.0,0.0,0.0,0.0,0.0,0.0,0.0,0.0,0.0,0.0,0.0,0.0,0.0,0.0,0.0,0.0,0.0,0.0,0.0,0.0,0.0,0.0,0.0,0.0,0.0,0.0,0.0,0.0,0.0,114200.0,0.0,0.0,29546.0,163980.0,385640.0,0.0,939127.0,470180.0,19614.0,0.0,5726239.0,651462.0,182633.0,11051400.0,0.0,0.0,366817.0,1659366.0,1979207.0,2504.0,16164.0,0.0,0.0,0.0,0.0,0.0,0.0,0.0,0.0,1370.0,33387.0,409264.0,23683.0,18093.0,378451.0,11380.0,0.0,0.0,499.0,0.0,0.0,4702.0,0.0,0.0,0.0,0.0,0.0,0.0,0.0,199510.0,0.0,98841.0,23844.0,0.0,0.0,0.0,0.0,0.0,0.0,0.0,0.0,0.0,0.0,0.0,0.0,0.0,0.0,0.0,0.0,0.0,0.0,0.0,0.0,0.0,0.0,0.0,0.0,0.0,0.0,0.0,0.0,0.0,0.0,0.0,0.0,0.0,0.0,15898.0,0.0,0.0,0.0,0.0,0.0,0.0,0.0,0.0,0.0,0.0,0.0,0.0,0.0,0.0,0.0,0.0,0.0,0.0,0.0,0.0,0.0,0.0,1233288.0,15973171.0,0.0,0.0,0.0,0.0,0.0,0.0,0.0,0.0,0.0,0.0,0.0,8268.0,412.0,118265.0,0.0,96106.0,1027608.0,5649.0,0.0,225912.0
62,0.0,0.0,0.0,0.0,0.0,0.0,0.0,0.0,0.0,0.0,0.0,0.0,0.0,0.0,0.0,0.0,0.0,0.0,0.0,0.0,0.0,0.0,0.0,0.0,0.0,0.0,0.0,0.0,0.0,0.0,0.0,0.0,0.0,0.0,0.0,0.0,0.0,0.0,0.0,0.0,0.0,0.0,0.0,0.0,0.0,0.0,0.0,0.0,0.0,0.0,0.0,0.0,50420.0,0.0,0.0,51926.0,388.0,0.0,0.0,1705.0,9609.0,234499.0,0.0,7483587.0,0.0,7067.0,3939237.0,0.0,0.0,1310017.0,776850.0,418911.0,488.0,2431.0,0.0,0.0,0.0,0.0,0.0,0.0,0.0,0.0,0.0,0.0,0.0,0.0,0.0,0.0,0.0,0.0,0.0,0.0,0.0,0.0,0.0,0.0,0.0,0.0,0.0,0.0,0.0,0.0,877.0,0.0,0.0,0.0,0.0,0.0,0.0,0.0,0.0,0.0,0.0,0.0,0.0,0.0,0.0,0.0,0.0,0.0,0.0,0.0,0.0,0.0,0.0,0.0,0.0,0.0,0.0,0.0,0.0,0.0,0.0,0.0,0.0,0.0,0.0,0.0,0.0,0.0,3050.0,0.0,0.0,0.0,0.0,0.0,0.0,0.0,0.0,0.0,0.0,0.0,0.0,0.0,0.0,0.0,0.0,0.0,0.0,0.0,0.0,0.0,0.0,1376566.0,12831480.0,0.0,0.0,0.0,0.0,0.0,0.0,0.0,0.0,0.0,0.0,0.0,801752.0,19713.0,1121699.0,28149.0,214060.0,243431.0,22738.0,0.0,894069.0
63,0.0,0.0,0.0,0.0,0.0,0.0,0.0,0.0,0.0,0.0,0.0,0.0,0.0,0.0,0.0,0.0,0.0,0.0,0.0,0.0,0.0,0.0,0.0,0.0,0.0,133213.0,114264.0,1796660.0,667777.0,168132.0,0.0,0.0,12802.0,35258.0,4161.0,0.0,0.0,0.0,0.0,0.0,0.0,0.0,0.0,0.0,0.0,0.0,0.0,0.0,0.0,0.0,0.0,0.0,0.0,0.0,0.0,0.0,0.0,0.0,0.0,0.0,5110834.0,0.0,888893.0,0.0,164.0,0.0,0.0,0.0,0.0,0.0,456182.0,909132.0,1252.0,6751.0,0.0,0.0,0.0,0.0,0.0,0.0,0.0,0.0,0.0,0.0,0.0,0.0,0.0,0.0,0.0,0.0,0.0,0.0,0.0,0.0,0.0,0.0,0.0,0.0,0.0,0.0,0.0,0.0,0.0,0.0,0.0,8350.0,0.0,0.0,0.0,0.0,0.0,0.0,0.0,0.0,0.0,0.0,0.0,0.0,0.0,0.0,0.0,0.0,0.0,0.0,0.0,0.0,0.0,0.0,0.0,0.0,0.0,0.0,0.0,0.0,0.0,0.0,0.0,0.0,0.0,0.0,1675.0,0.0,0.0,0.0,0.0,0.0,0.0,0.0,0.0,0.0,0.0,0.0,0.0,0.0,0.0,0.0,0.0,0.0,1092086.0,0.0,0.0,0.0,0.0,5140468.0,97686662.0,0.0,0.0,0.0,0.0,0.0,0.0,0.0,0.0,0.0,0.0,0.0,129054.0,7397.0,3542961.0,10.0,728119.0,4221662.0,774442.0,0.0,4686195.0
64,0.0,0.0,0.0,0.0,0.0,0.0,0.0,0.0,0.0,0.0,0.0,0.0,0.0,0.0,0.0,0.0,0.0,0.0,0.0,0.0,0.0,0.0,0.0,0.0,0.0,15966.0,4926.0,110222.0,4065.0,0.0,0.0,0.0,0.0,0.0,0.0,0.0,0.0,0.0,0.0,0.0,0.0,0.0,0.0,0.0,0.0,0.0,0.0,0.0,0.0,0.0,0.0,0.0,0.0,0.0,0.0,0.0,0.0,0.0,0.0,302846.0,70160.0,0.0,0.0,0.0,0.0,0.0,0.0,0.0,0.0,0.0,5131.0,0.0,0.0,11865.0,0.0,0.0,0.0,0.0,0.0,0.0,0.0,0.0,0.0,0.0,0.0,0.0,0.0,0.0,0.0,0.0,0.0,0.0,0.0,0.0,0.0,0.0,0.0,0.0,0.0,0.0,0.0,0.0,0.0,0.0,0.0,117937.0,0.0,0.0,0.0,0.0,0.0,0.0,0.0,0.0,0.0,0.0,0.0,0.0,0.0,0.0,0.0,0.0,0.0,0.0,0.0,0.0,0.0,0.0,0.0,0.0,0.0,0.0,0.0,0.0,0.0,0.0,0.0,0.0,0.0,0.0,0.0,0.0,0.0,0.0,0.0,0.0,0.0,0.0,0.0,0.0,0.0,0.0,0.0,0.0,0.0,0.0,54502.0,0.0,1517862.0,226492.0,295449.0,0.0,0.0,822339.0,7655487.0,0.0,0.0,0.0,0.0,0.0,0.0,0.0,0.0,0.0,0.0,0.0,1380.0,106.0,4009.0,274.0,254484.0,834377.0,18036.0,0.0,711443.0
65,0.0,0.0,0.0,0.0,0.0,0.0,0.0,0.0,0.0,0.0,0.0,0.0,0.0,0.0,0.0,0.0,0.0,0.0,0.0,0.0,0.0,0.0,0.0,0.0,0.0,4122.0,3583.0,179887.0,8595.0,0.0,0.0,0.0,0.0,0.0,0.0,0.0,0.0,0.0,0.0,0.0,0.0,0.0,0.0,0.0,0.0,0.0,0.0,0.0,0.0,0.0,0.0,0.0,15745.0,0.0,0.0,0.0,1561256.0,5494.0,95.0,2136578.0,853939.0,0.0,0.0,7330934.0,2042769.0,4584782.0,53160.0,845300.0,1462081.0,7317940.0,4108993.0,0.0,132490.0,13638466.0,380091.0,49169.0,0.0,0.0,0.0,0.0,0.0,0.0,0.0,0.0,0.0,0.0,0.0,0.0,0.0,0.0,0.0,0.0,0.0,0.0,0.0,0.0,0.0,0.0,0.0,0.0,0.0,9105.0,0.0,0.0,560598.0,9882.0,0.0,0.0,0.0,0.0,0.0,0.0,0.0,0.0,0.0,0.0,0.0,0.0,0.0,0.0,0.0,0.0,0.0,0.0,0.0,0.0,0.0,0.0,0.0,0.0,0.0,0.0,0.0,0.0,0.0,0.0,0.0,0.0,0.0,0.0,0.0,0.0,0.0,0.0,0.0,0.0,0.0,0.0,0.0,0.0,0.0,0.0,0.0,0.0,0.0,0.0,20669.0,0.0,1268519.0,0.0,460600.0,0.0,0.0,1193853.0,17702322.0,0.0,0.0,0.0,0.0,0.0,0.0,0.0,0.0,0.0,0.0,0.0,494954.0,531192.0,890140.0,0.0,145535.0,655044.0,10719.0,0.0,423608.0
66,0.0,0.0,0.0,0.0,0.0,0.0,0.0,0.0,0.0,0.0,0.0,0.0,0.0,0.0,0.0,0.0,0.0,0.0,0.0,0.0,0.0,0.0,0.0,0.0,0.0,0.0,0.0,0.0,0.0,0.0,0.0,0.0,0.0,0.0,0.0,0.0,0.0,0.0,0.0,0.0,0.0,0.0,0.0,0.0,0.0,0.0,0.0,0.0,0.0,0.0,0.0,0.0,0.0,0.0,0.0,0.0,44684.0,0.0,0.0,5532673.0,5986.0,0.0,0.0,253729.0,0.0,2656457.0,0.0,123.0,20420.0,13232.0,755445.0,0.0,0.0,171491.0,0.0,0.0,0.0,0.0,0.0,0.0,0.0,0.0,0.0,0.0,0.0,0.0,0.0,0.0,0.0,0.0,0.0,0.0,0.0,0.0,0.0,0.0,0.0,0.0,0.0,0.0,0.0,0.0,11536.0,0.0,595258.0,8483.0,0.0,0.0,0.0,0.0,0.0,0.0,0.0,0.0,0.0,0.0,0.0,0.0,0.0,0.0,0.0,0.0,0.0,0.0,0.0,0.0,0.0,0.0,0.0,0.0,0.0,0.0,0.0,0.0,0.0,0.0,0.0,0.0,0.0,0.0,0.0,0.0,0.0,0.0,0.0,0.0,0.0,0.0,0.0,0.0,0.0,0.0,0.0,0.0,0.0,0.0,1205.0,0.0,678616.0,203814.0,162184.0,0.0,0.0,221609.0,7495374.0,0.0,0.0,0.0,0.0,0.0,0.0,0.0,0.0,0.0,0.0,0.0,65473.0,3461.0,41679.0,0.0,108636.0,558208.0,8378.0,0.0,328651.0
67,0.0,0.0,0.0,0.0,0.0,0.0,0.0,0.0,0.0,0.0,0.0,0.0,0.0,0.0,0.0,0.0,0.0,0.0,0.0,0.0,0.0,0.0,0.0,0.0,0.0,0.0,0.0,0.0,0.0,0.0,0.0,0.0,0.0,0.0,0.0,0.0,0.0,0.0,0.0,0.0,0.0,0.0,0.0,0.0,0.0,0.0,0.0,0.0,0.0,0.0,0.0,0.0,0.0,0.0,0.0,0.0,19131.0,0.0,0.0,0.0,0.0,0.0,0.0,945.0,0.0,0.0,19119.0,0.0,0.0,0.0,395446.0,0.0,0.0,0.0,0.0,0.0,0.0,0.0,0.0,0.0,0.0,0.0,0.0,0.0,0.0,0.0,0.0,0.0,0.0,0.0,0.0,0.0,0.0,0.0,0.0,0.0,0.0,0.0,0.0,0.0,0.0,0.0,0.0,0.0,0.0,0.0,0.0,0.0,0.0,0.0,0.0,0.0,0.0,0.0,0.0,0.0,0.0,0.0,0.0,0.0,0.0,0.0,0.0,0.0,0.0,0.0,0.0,0.0,0.0,0.0,0.0,0.0,0.0,0.0,0.0,0.0,0.0,0.0,0.0,0.0,0.0,0.0,0.0,0.0,0.0,0.0,0.0,0.0,0.0,0.0,0.0,0.0,0.0,0.0,0.0,0.0,0.0,0.0,37091.0,0.0,0.0,0.0,0.0,332129.0,10989440.0,0.0,0.0,0.0,0.0,0.0,0.0,0.0,0.0,0.0,0.0,0.0,0.0,174.0,564562.0,0.0,73817.0,9278.0,609.0,0.0,23986.0
68,0.0,0.0,0.0,0.0,0.0,0.0,0.0,0.0,0.0,0.0,0.0,0.0,0.0,0.0,0.0,0.0,0.0,0.0,0.0,0.0,0.0,0.0,0.0,0.0,0.0,0.0,0.0,0.0,0.0,0.0,0.0,0.0,0.0,0.0,0.0,0.0,0.0,0.0,0.0,0.0,0.0,0.0,0.0,0.0,0.0,0.0,0.0,0.0,0.0,0.0,0.0,0.0,0.0,0.0,0.0,0.0,0.0,0.0,0.0,0.0,0.0,0.0,0.0,0.0,0.0,2478.0,0.0,497.0,83238.0,0.0,13729.0,0.0,0.0,413380.0,1719808.0,61524.0,0.0,0.0,0.0,0.0,0.0,0.0,0.0,0.0,0.0,0.0,0.0,0.0,0.0,0.0,0.0,0.0,0.0,0.0,0.0,0.0,0.0,0.0,0.0,0.0,0.0,188.0,224.0,0.0,4235.0,6948.0,0.0,0.0,0.0,0.0,0.0,0.0,0.0,0.0,0.0,0.0,0.0,0.0,0.0,0.0,0.0,0.0,0.0,0.0,0.0,0.0,0.0,0.0,0.0,0.0,0.0,0.0,0.0,0.0,0.0,0.0,0.0,0.0,0.0,0.0,0.0,0.0,0.0,0.0,0.0,0.0,0.0,0.0,0.0,0.0,0.0,0.0,0.0,0.0,0.0,0.0,14408.0,0.0,1925401.0,356673.0,220176.0,0.0,0.0,908304.0,11088389.0,0.0,0.0,0.0,0.0,0.0,0.0,0.0,0.0,0.0,0.0,0.0,576.0,87.0,20099.0,0.0,36964.0,5643.0,63.0,0.0,2516.0
69,0.0,0.0,0.0,0.0,0.0,0.0,0.0,0.0,0.0,0.0,0.0,0.0,0.0,0.0,0.0,0.0,0.0,0.0,0.0,0.0,0.0,0.0,0.0,0.0,0.0,0.0,0.0,0.0,0.0,0.0,0.0,0.0,0.0,0.0,0.0,0.0,0.0,0.0,0.0,0.0,0.0,0.0,0.0,0.0,0.0,0.0,0.0,0.0,0.0,0.0,0.0,0.0,0.0,0.0,0.0,0.0,0.0,0.0,0.0,0.0,0.0,0.0,0.0,0.0,0.0,0.0,0.0,1154.0,615567.0,0.0,6796.0,0.0,0.0,1007853.0,419366.0,28695.0,0.0,0.0,0.0,0.0,0.0,0.0,0.0,0.0,0.0,0.0,0.0,0.0,0.0,0.0,0.0,0.0,0.0,0.0,0.0,0.0,0.0,0.0,0.0,0.0,0.0,1260.0,0.0,0.0,21471.0,9954.0,0.0,0.0,0.0,0.0,0.0,0.0,0.0,0.0,0.0,0.0,0.0,0.0,0.0,0.0,0.0,0.0,0.0,0.0,0.0,0.0,0.0,0.0,0.0,0.0,0.0,0.0,0.0,0.0,0.0,0.0,0.0,0.0,0.0,0.0,0.0,0.0,0.0,0.0,0.0,0.0,0.0,0.0,0.0,0.0,0.0,0.0,0.0,0.0,0.0,0.0,2308.0,0.0,519828.0,163414.0,107469.0,0.0,0.0,534212.0,6007254.0,0.0,0.0,0.0,0.0,0.0,0.0,0.0,0.0,0.0,0.0,0.0,15815.0,830.0,146558.0,0.0,72831.0,140817.0,2525.0,0.0,99543.0
70,0.0,0.0,0.0,0.0,0.0,0.0,0.0,0.0,0.0,0.0,0.0,0.0,0.0,0.0,0.0,0.0,0.0,0.0,0.0,0.0,0.0,0.0,0.0,0.0,0.0,0.0,0.0,0.0,0.0,0.0,0.0,0.0,2138.0,0.0,0.0,0.0,0.0,0.0,0.0,0.0,0.0,0.0,0.0,0.0,0.0,0.0,0.0,0.0,0.0,0.0,0.0,0.0,0.0,0.0,0.0,92760.0,169541.0,0.0,0.0,4946.0,0.0,0.0,0.0,0.0,0.0,0.0,972579.0,0.0,0.0,6910647.0,1143935.0,0.0,0.0,36137.0,0.0,0.0,0.0,0.0,0.0,0.0,0.0,0.0,0.0,0.0,0.0,0.0,0.0,0.0,0.0,0.0,0.0,0.0,0.0,0.0,0.0,0.0,0.0,0.0,0.0,0.0,0.0,0.0,0.0,0.0,0.0,0.0,0.0,0.0,0.0,0.0,0.0,0.0,0.0,0.0,0.0,0.0,0.0,0.0,0.0,0.0,0.0,0.0,0.0,0.0,0.0,0.0,0.0,0.0,0.0,0.0,0.0,0.0,0.0,0.0,0.0,0.0,0.0,0.0,0.0,0.0,0.0,0.0,0.0,0.0,0.0,0.0,0.0,0.0,0.0,0.0,0.0,0.0,0.0,0.0,0.0,0.0,0.0,0.0,121663.0,0.0,0.0,0.0,0.0,663416.0,6537192.0,0.0,0.0,0.0,0.0,0.0,0.0,0.0,0.0,0.0,0.0,0.0,103.0,1585.0,770381.0,186.0,51084.0,100884.0,25024.0,0.0,191926.0
71,0.0,0.0,0.0,0.0,0.0,0.0,0.0,0.0,0.0,0.0,0.0,0.0,0.0,0.0,0.0,0.0,0.0,0.0,0.0,0.0,0.0,0.0,0.0,0.0,0.0,0.0,0.0,0.0,0.0,0.0,0.0,0.0,0.0,0.0,0.0,0.0,0.0,0.0,0.0,0.0,0.0,0.0,0.0,0.0,0.0,0.0,0.0,0.0,0.0,0.0,0.0,0.0,25749.0,0.0,0.0,0.0,37771.0,85700.0,0.0,1498729.0,11114.0,0.0,0.0,1421743.0,0.0,12560.0,168190.0,9260.0,12332.0,3134038.0,7239169.0,0.0,385.0,2085.0,35439.0,667.0,0.0,0.0,0.0,0.0,0.0,0.0,0.0,0.0,0.0,0.0,0.0,0.0,0.0,0.0,0.0,0.0,0.0,0.0,0.0,0.0,0.0,0.0,0.0,0.0,0.0,237.0,0.0,0.0,118087.0,59853.0,0.0,0.0,0.0,0.0,0.0,0.0,0.0,0.0,0.0,0.0,0.0,0.0,0.0,0.0,0.0,0.0,0.0,0.0,0.0,0.0,0.0,0.0,0.0,0.0,0.0,0.0,0.0,0.0,0.0,0.0,0.0,0.0,0.0,0.0,0.0,0.0,0.0,0.0,0.0,0.0,0.0,0.0,0.0,0.0,0.0,0.0,0.0,0.0,0.0,0.0,0.0,0.0,48507.0,0.0,0.0,0.0,0.0,106385.0,5265161.0,0.0,0.0,0.0,0.0,0.0,0.0,0.0,0.0,0.0,0.0,0.0,11293740.0,4130851.0,23190083.0,71.0,1667815.0,937997.0,8763.0,0.0,360583.0
72,0.0,0.0,0.0,0.0,0.0,0.0,0.0,0.0,0.0,0.0,0.0,0.0,0.0,0.0,0.0,0.0,0.0,0.0,0.0,0.0,0.0,0.0,0.0,0.0,0.0,14450621.0,3211525.0,44676550.0,3970067.0,645107.0,945.0,263.0,11923036.0,2204062.0,483666.0,0.0,0.0,0.0,0.0,0.0,0.0,0.0,0.0,0.0,0.0,0.0,0.0,0.0,0.0,0.0,0.0,0.0,0.0,0.0,0.0,0.0,0.0,0.0,0.0,0.0,0.0,0.0,0.0,0.0,0.0,0.0,0.0,0.0,0.0,0.0,0.0,0.0,0.0,0.0,0.0,0.0,0.0,0.0,0.0,0.0,0.0,0.0,0.0,0.0,0.0,0.0,0.0,0.0,0.0,0.0,0.0,0.0,0.0,0.0,0.0,0.0,0.0,0.0,0.0,0.0,0.0,0.0,0.0,0.0,0.0,0.0,0.0,0.0,0.0,0.0,0.0,0.0,0.0,0.0,0.0,0.0,0.0,0.0,0.0,0.0,0.0,0.0,0.0,0.0,0.0,0.0,0.0,0.0,0.0,0.0,0.0,0.0,0.0,0.0,0.0,0.0,0.0,0.0,0.0,0.0,0.0,0.0,0.0,0.0,0.0,0.0,0.0,0.0,0.0,0.0,0.0,0.0,0.0,0.0,0.0,0.0,0.0,1238.0,0.0,0.0,0.0,0.0,0.0,84152.0,17410.0,0.0,0.0,0.0,0.0,0.0,0.0,0.0,0.0,0.0,0.0,0.0,763711.0,0.0,19814.0,6127.0,65960.0,368799.0,1006222.0,0.0,319781.0
73,0.0,0.0,0.0,0.0,0.0,0.0,0.0,0.0,0.0,0.0,0.0,0.0,0.0,0.0,0.0,0.0,0.0,0.0,0.0,0.0,0.0,0.0,0.0,0.0,0.0,0.0,0.0,0.0,0.0,0.0,0.0,0.0,0.0,0.0,0.0,0.0,0.0,0.0,0.0,0.0,0.0,0.0,0.0,0.0,0.0,0.0,0.0,0.0,0.0,0.0,0.0,0.0,0.0,0.0,0.0,0.0,0.0,0.0,0.0,0.0,0.0,0.0,0.0,0.0,428.0,0.0,0.0,0.0,0.0,0.0,4417.0,0.0,7262.0,0.0,0.0,0.0,0.0,0.0,0.0,0.0,0.0,0.0,0.0,0.0,0.0,0.0,0.0,0.0,0.0,0.0,0.0,0.0,0.0,0.0,0.0,0.0,0.0,0.0,0.0,0.0,0.0,0.0,0.0,0.0,0.0,0.0,0.0,0.0,0.0,0.0,0.0,0.0,0.0,0.0,0.0,0.0,0.0,0.0,0.0,0.0,0.0,0.0,0.0,0.0,0.0,0.0,0.0,0.0,0.0,0.0,0.0,0.0,0.0,0.0,0.0,0.0,0.0,0.0,0.0,0.0,0.0,0.0,0.0,0.0,0.0,0.0,0.0,0.0,0.0,0.0,0.0,0.0,0.0,0.0,0.0,0.0,0.0,0.0,11817.0,0.0,158740.0,17684.0,6310.0,429933.0,2234615.0,0.0,0.0,0.0,0.0,0.0,0.0,0.0,0.0,0.0,0.0,0.0,0.0,0.0,0.0,0.0,13502.0,5.0,654621.0,0.0,3540.0
74,2268.0,87.0,19.0,50.0,3.0,96.0,47.0,25.0,13.0,13149.0,1255.0,208.0,4378.0,26.0,1192.0,767.0,480.0,66719.0,114.0,10014.0,22.0,750.0,374.0,556.0,163.0,9795.0,660.0,2117.0,1462.0,33354.0,1569.0,528.0,73118.0,8348.0,1500.0,2882.0,3818.0,255.0,1024.0,653.0,945.0,5.0,3069.0,141.0,355.0,5865.0,130.0,290612.0,57.0,32.0,693.0,3131.0,37249.0,6607.0,7031.0,175.0,1976.0,320458.0,4350.0,32166.0,16903.0,12208.0,26.0,80.0,160855.0,25260.0,11639.0,43833.0,1352.0,24923.0,952716.0,15791.0,0.0,3575.0,0.0,92.0,52.0,125.0,372.0,20.0,28.0,191.0,22.0,18470.0,112144.0,56430.0,143893.0,67387.0,25629.0,67852.0,44035.0,147459.0,28190.0,6149.0,60169.0,1618463.0,104380.0,635218.0,109202.0,9094.0,1847.0,3197.0,54154.0,128109.0,203707.0,56460.0,2480.0,1025.0,640.0,23343.0,13679.0,2746.0,3122.0,10567.0,10564.0,1162.0,4411.0,13027.0,343.0,2025.0,4136.0,5729.0,777.0,933.0,472.0,1267.0,1045.0,45.0,92.0,37.0,372.0,89.0,68.0,570.0,172.0,567.0,1839.0,759.0,487.0,4691.0,1618.0,4087.0,264.0,3467.0,2967.0,530.0,113029.0,175443.0,7852.0,775.0,3373.0,4148.0,6972.0,195353.0,156180.0,788839.0,53509.0,2429724.0,852345.0,274259.0,985573.0,868370.0,194277.0,911379.0,6814583.0,798770.0,93156.0,173420.0,222596.0,1010835.0,197647.0,15.0,45865.0,64670.0,32591.0,3002745.0,399120.0,62804.0,455982.0,4778.0,579885.0,2920531.0,678665.0,824.0,3065045.0
75,0.0,0.0,0.0,0.0,0.0,0.0,0.0,0.0,0.0,0.0,0.0,0.0,0.0,0.0,0.0,0.0,0.0,0.0,0.0,0.0,0.0,0.0,0.0,0.0,0.0,0.0,0.0,0.0,0.0,0.0,0.0,0.0,0.0,0.0,0.0,0.0,0.0,0.0,0.0,0.0,0.0,0.0,0.0,0.0,0.0,0.0,0.0,0.0,0.0,0.0,0.0,0.0,0.0,0.0,0.0,0.0,0.0,0.0,0.0,0.0,0.0,0.0,0.0,0.0,0.0,0.0,0.0,0.0,0.0,0.0,0.0,0.0,0.0,0.0,1465949.0,0.0,0.0,0.0,0.0,0.0,0.0,0.0,0.0,0.0,0.0,0.0,0.0,0.0,0.0,0.0,0.0,0.0,0.0,0.0,0.0,0.0,0.0,0.0,0.0,0.0,0.0,0.0,0.0,0.0,0.0,0.0,0.0,0.0,0.0,0.0,0.0,0.0,0.0,0.0,0.0,0.0,0.0,0.0,0.0,0.0,0.0,0.0,0.0,0.0,0.0,0.0,0.0,0.0,0.0,0.0,0.0,0.0,0.0,0.0,0.0,0.0,0.0,0.0,0.0,0.0,0.0,0.0,0.0,0.0,0.0,0.0,0.0,0.0,0.0,0.0,0.0,0.0,0.0,0.0,0.0,0.0,0.0,0.0,0.0,0.0,0.0,0.0,0.0,0.0,0.0,0.0,0.0,0.0,0.0,0.0,0.0,0.0,0.0,0.0,0.0,0.0,0.0,0.0,0.0,0.0,1553.0,0.0,57.0,0.0,6333.0
76,0.0,0.0,0.0,0.0,0.0,0.0,0.0,0.0,0.0,0.0,0.0,0.0,0.0,0.0,0.0,0.0,0.0,0.0,0.0,0.0,0.0,0.0,0.0,0.0,0.0,0.0,0.0,0.0,0.0,0.0,0.0,0.0,0.0,0.0,0.0,0.0,0.0,0.0,0.0,0.0,0.0,0.0,0.0,0.0,0.0,0.0,0.0,0.0,0.0,0.0,0.0,0.0,0.0,0.0,0.0,0.0,0.0,0.0,0.0,0.0,0.0,0.0,0.0,0.0,0.0,0.0,0.0,0.0,0.0,0.0,0.0,0.0,0.0,0.0,15851560.0,1011862.0,0.0,0.0,0.0,0.0,0.0,0.0,0.0,0.0,0.0,0.0,0.0,0.0,0.0,0.0,0.0,0.0,0.0,0.0,0.0,0.0,0.0,0.0,0.0,0.0,0.0,0.0,0.0,0.0,0.0,0.0,0.0,0.0,0.0,0.0,0.0,0.0,0.0,0.0,0.0,0.0,0.0,0.0,0.0,0.0,0.0,0.0,0.0,0.0,0.0,0.0,0.0,0.0,0.0,0.0,0.0,0.0,0.0,0.0,0.0,0.0,0.0,0.0,0.0,0.0,0.0,0.0,0.0,0.0,0.0,0.0,0.0,0.0,0.0,0.0,0.0,0.0,0.0,0.0,0.0,0.0,0.0,0.0,0.0,0.0,0.0,0.0,0.0,0.0,0.0,0.0,0.0,0.0,0.0,0.0,0.0,0.0,0.0,0.0,0.0,0.0,0.0,0.0,0.0,0.0,0.0,0.0,0.0,0.0,0.0
77,0.0,0.0,0.0,0.0,0.0,0.0,0.0,0.0,0.0,0.0,0.0,0.0,0.0,0.0,0.0,0.0,0.0,0.0,0.0,0.0,0.0,0.0,0.0,0.0,0.0,0.0,0.0,0.0,0.0,49.0,0.0,0.0,246.0,103.0,64.0,56.0,0.0,0.0,0.0,0.0,0.0,0.0,0.0,0.0,0.0,0.0,0.0,0.0,0.0,0.0,0.0,0.0,0.0,0.0,0.0,0.0,0.0,0.0,0.0,0.0,0.0,0.0,0.0,0.0,0.0,0.0,0.0,0.0,0.0,0.0,0.0,0.0,0.0,0.0,0.0,0.0,11448842.0,37816443.0,7221447.0,9433114.0,11739214.0,8165266.0,1391.0,122521.0,112593.0,0.0,0.0,0.0,0.0,0.0,149.0,769.0,211.0,4527.0,0.0,0.0,0.0,0.0,0.0,0.0,0.0,0.0,0.0,0.0,0.0,0.0,2830.0,4.0,74.0,4802.0,4.0,1174.0,371.0,24787.0,0.0,0.0,0.0,0.0,0.0,12185.0,3521.0,793.0,0.0,0.0,0.0,0.0,0.0,116.0,93.0,12.0,139.0,880.0,0.0,297.0,2435.0,7674.0,583477.0,2538.0,33941.0,35123.0,0.0,175.0,0.0,0.0,0.0,0.0,0.0,0.0,45101.0,2.0,154.0,76.0,1.0,0.0,0.0,0.0,0.0,0.0,0.0,0.0,0.0,0.0,0.0,0.0,0.0,101.0,0.0,0.0,0.0,0.0,0.0,0.0,0.0,0.0,0.0,0.0,5.0,3.0,101.0,0.0,64694.0,984.0,0.0,84039.0,0.0
78,0.0,0.0,0.0,0.0,0.0,0.0,0.0,0.0,0.0,0.0,0.0,0.0,0.0,0.0,0.0,0.0,0.0,0.0,0.0,0.0,0.0,0.0,0.0,0.0,0.0,0.0,0.0,0.0,0.0,607.0,22831.0,6526.0,211.0,97.0,70.0,48.0,0.0,0.0,0.0,0.0,0.0,0.0,0.0,0.0,0.0,0.0,0.0,0.0,0.0,0.0,0.0,0.0,0.0,5.0,0.0,0.0,0.0,1144.0,0.0,6538.0,0.0,0.0,0.0,0.0,0.0,0.0,0.0,0.0,0.0,0.0,38226.0,0.0,322.0,0.0,0.0,0.0,1697839.0,24938080.0,1650077.0,2603109.0,6299572.0,86052379.0,25521.0,355075.0,666302.0,30638.0,122071.0,64586.0,34464.0,24530.0,10800.0,22663.0,237088.0,823.0,0.0,0.0,0.0,0.0,0.0,0.0,0.0,0.0,0.0,0.0,0.0,0.0,119.0,878.0,4881.0,20690.0,2030.0,13.0,94.0,117.0,0.0,118.0,17.0,0.0,2820.0,17242.0,396.0,0.0,0.0,0.0,0.0,80.0,44.0,17329.0,0.0,0.0,0.0,3892.0,0.0,0.0,25872.0,5865.0,1306922.0,143800.0,119804.0,136733.0,16700.0,323.0,82853.0,41008.0,3365.0,0.0,18417.0,66596.0,37.0,14.0,0.0,0.0,0.0,0.0,0.0,0.0,0.0,0.0,0.0,0.0,1919601.0,1402639.0,3859.0,63699.0,12689.0,2742.0,34.0,0.0,0.0,215519.0,139.0,0.0,28203.0,27888.0,2342.0,6619.0,12923.0,5272.0,25669.0,68.0,25979.0,17628.0,21466.0,160655.0,174770.0
79,0.0,0.0,0.0,0.0,0.0,0.0,0.0,0.0,0.0,0.0,471.0,242.0,372.0,75.0,334.0,0.0,86.0,2983.0,126.0,190.0,7.0,209.0,79.0,107.0,258.0,215.0,130.0,9.0,41.0,22485.0,8139.0,1569.0,12982.0,126.0,67.0,1364.0,91.0,3.0,7.0,11.0,328.0,10.0,59.0,153.0,88.0,1225.0,129.0,11135.0,62.0,142.0,0.0,0.0,2335.0,125.0,1547.0,5411.0,5182.0,5265.0,2316.0,28868.0,1698.0,109.0,22.0,76.0,3637.0,0.0,0.0,0.0,0.0,20706.0,1610.0,7132.0,405.0,1272.0,14406.0,263.0,71353.0,20469.0,33757.0,1448.0,9954.0,18977.0,67.0,6452.0,157556.0,17746.0,37450.0,28033.0,2722.0,80.0,128.0,642.0,1210.0,6880.0,0.0,63105.0,15035.0,39889.0,7304.0,0.0,0.0,0.0,0.0,21614.0,0.0,8755.0,916.0,3893.0,2051.0,48525.0,15977.0,8977.0,6370.0,443.0,2419.0,4073.0,27.0,5024.0,750.0,2364.0,876.0,2099.0,56.0,73.0,57.0,987.0,360.0,1159.0,0.0,6.0,36356.0,11925.0,8407.0,303.0,9552.0,24494.0,112259.0,5413.0,13226.0,7921.0,11505.0,21843.0,1106.0,3852.0,1718.0,0.0,2007.0,727.0,19074.0,185.0,37.0,708.0,5038.0,62207.0,34249.0,1557414.0,0.0,1624.0,144068.0,4233.0,82688.0,213092.0,155609.0,14374.0,70250.0,2327.0,19.0,0.0,0.0,21533.0,0.0,0.0,3446.0,7787.0,2724.0,3467.0,2193.0,71.0,95.0,63.0,6403.0,28608.0,2152.0,15487.0,47620.0
80,23963.0,35699.0,211.0,73777.0,905.0,12720.0,660.0,5545.0,9.0,51533.0,5711.0,11646.0,36324.0,824.0,61681.0,757992.0,8752.0,155343.0,99492.0,141959.0,4727.0,3177.0,99308.0,102014.0,3923.0,2026.0,236.0,3109.0,1057.0,77974.0,192254.0,48253.0,878700.0,62723.0,9199.0,5142.0,596.0,0.0,11.0,2927.0,2261.0,94.0,54.0,263.0,410.0,82071.0,992.0,242397.0,84.0,4.0,6973.0,4154.0,295.0,2.0,257.0,1617.0,28142.0,1265.0,49.0,74015.0,3840.0,266.0,14.0,68689.0,5574.0,0.0,0.0,0.0,0.0,130923.0,11450.0,504.0,503.0,18249.0,91.0,1103.0,359244.0,57457.0,22618.0,38983.0,26541.0,319045.0,11218.0,163408.0,257369.0,68296.0,122951.0,46532.0,8836.0,28638.0,9415.0,13710.0,716.0,1357.0,7295.0,45671.0,31128.0,44248.0,1329.0,0.0,0.0,0.0,0.0,4214.0,0.0,5341.0,292.0,17205.0,2199.0,10194.0,47475.0,1457.0,14397.0,23062.0,1665.0,4855.0,55598.0,2439.0,2518.0,2524.0,428.0,2891.0,100.0,22465.0,1383.0,646.0,116.0,3053.0,11.0,32.0,103050.0,654.0,4817.0,329.0,6938.0,29784.0,2281.0,1103.0,753.0,84375.0,25266.0,4722.0,65900.0,37694.0,851.0,538.0,547.0,48298.0,816560.0,13679.0,2487.0,104428.0,731384.0,22984.0,11176.0,636803.0,107.0,1233.0,634.0,456.0,468.0,6735.0,92169.0,62904.0,90083.0,5946.0,128271.0,12564.0,557.0,83263.0,48674.0,0.0,2012.0,210377.0,209883.0,425714.0,1037.0,0.0,509043.0,0.0,83927.0,916792.0,113389.0,875.0,1246029.0
81,0.0,0.0,0.0,0.0,0.0,0.0,0.0,0.0,0.0,0.0,374.0,100.0,182.0,0.0,335.0,0.0,147.0,0.0,0.0,0.0,0.0,0.0,0.0,0.0,0.0,99.0,1.0,39.0,28.0,1782.0,30624.0,9061.0,168.0,86.0,61.0,44.0,13700.0,8465.0,3153.0,375.0,1372.0,73.0,372.0,79.0,61.0,290.0,84.0,1811.0,129.0,4.0,100.0,53.0,2823.0,196.0,45.0,138.0,886.0,7038.0,148.0,1231.0,249.0,74.0,29.0,123.0,0.0,109.0,1579.0,1399.0,801.0,3219.0,3782.0,2632.0,280.0,455.0,2864.0,65.0,301353.0,322.0,128557.0,1703803.0,66357.0,43754515.0,7745.0,155338.0,1200474.0,410.0,313.0,5335.0,7530.0,6637.0,8988.0,40873.0,1862.0,138.0,2300.0,0.0,0.0,379.0,0.0,140.0,31.0,197.0,695.0,122.0,315.0,317.0,443.0,420.0,886.0,5331.0,143.0,1599.0,1042.0,149.0,107.0,0.0,216.0,116.0,3251.0,14231.0,6245.0,5966.0,134.0,75.0,62.0,327.0,181.0,69.0,14.0,17.0,24.0,5618.0,30.0,332.0,186.0,237.0,1074546.0,3133.0,410.0,212070.0,536.0,347.0,297.0,112.0,395.0,224.0,218.0,24537.0,0.0,13.0,0.0,0.0,0.0,918.0,3198.0,17489.0,238.0,243.0,261.0,215.0,0.0,108444.0,1005.0,2.0,0.0,429.0,182.0,68.0,79.0,110527.0,180.0,16.0,15540.0,5270.0,7704.0,21448.0,1024.0,35.0,572163.0,39.0,5919.0,1035.0,8296.0,0.0,1278961.0
82,0.0,0.0,0.0,0.0,0.0,0.0,0.0,0.0,0.0,0.0,0.0,0.0,14402.0,0.0,0.0,0.0,0.0,15255.0,12.0,352.0,9.0,0.0,0.0,0.0,0.0,0.0,0.0,0.0,0.0,152335.0,36967.0,4779.0,0.0,0.0,0.0,0.0,99058.0,14085.0,8548.0,0.0,631.0,12.0,541.0,67.0,1954.0,63168.0,149.0,3658.0,9.0,35.0,6219.0,3276.0,6651.0,4.0,0.0,136.0,0.0,0.0,0.0,0.0,60.0,0.0,38.0,0.0,808.0,0.0,38.0,0.0,0.0,0.0,0.0,28650.0,0.0,735.0,0.0,0.0,136977.0,74714.0,21754.0,22225.0,12321.0,307036.0,1369.0,16501.0,150125.0,44100.0,94344.0,172450.0,155277.0,67132.0,134091.0,114365.0,75043.0,3735.0,1732.0,914.0,571.0,103.0,0.0,277.0,20.0,380.0,9926.0,429.0,18334.0,148.0,2527.0,3036.0,741.0,5342.0,2307.0,1364.0,1963.0,30493.0,9802.0,1144.0,22797.0,2205.0,11506.0,43476.0,275054.0,12451.0,0.0,100105.0,64318.0,58728.0,0.0,91802.0,8889.0,78668.0,145794.0,3095.0,8528.0,2852.0,377.0,0.0,29959.0,4858.0,788.0,36480.0,5091.0,24046.0,11604.0,5924.0,1797.0,13225.0,659.0,606577.0,2323023.0,4466.0,3962.0,9886.0,12142.0,199884.0,240219.0,2496448.0,614.0,1821640.0,237696.0,2864.0,759861.0,162919.0,165827.0,13064.0,2922.0,29211.0,499082.0,182976.0,79570.0,47685.0,34265.0,436.0,2297.0,12645.0,328098.0,32276.0,738297.0,813188.0,1579008.0,114380.0,1502230.0,500776.0,85557.0,6584.0,1173323.0
83,0.0,0.0,0.0,0.0,0.0,0.0,0.0,0.0,0.0,0.0,0.0,0.0,0.0,0.0,0.0,0.0,0.0,0.0,0.0,0.0,0.0,0.0,0.0,0.0,0.0,0.0,0.0,0.0,0.0,0.0,0.0,0.0,0.0,0.0,0.0,0.0,0.0,0.0,0.0,0.0,0.0,0.0,0.0,0.0,0.0,0.0,0.0,0.0,0.0,0.0,0.0,0.0,0.0,0.0,0.0,0.0,0.0,0.0,0.0,0.0,0.0,0.0,0.0,0.0,0.0,0.0,0.0,0.0,0.0,0.0,0.0,0.0,0.0,0.0,0.0,0.0,156518.0,63.0,8022.0,8839.0,4902.0,211662.0,1575148.0,2216017.0,17907018.0,603.0,0.0,177.0,7074.0,0.0,0.0,365.0,0.0,0.0,0.0,0.0,0.0,0.0,0.0,0.0,0.0,0.0,0.0,0.0,0.0,0.0,0.0,0.0,0.0,0.0,0.0,0.0,0.0,0.0,0.0,0.0,0.0,1784.0,8915.0,22857.0,10469.0,0.0,0.0,0.0,0.0,2506.0,8444.0,0.0,0.0,0.0,13469.0,0.0,0.0,0.0,2747.0,10599.0,1525684.0,2853.0,12116.0,19736.0,294.0,0.0,706.0,1838.0,0.0,0.0,0.0,0.0,0.0,0.0,0.0,0.0,0.0,0.0,0.0,0.0,0.0,0.0,0.0,0.0,0.0,0.0,0.0,0.0,0.0,0.0,0.0,0.0,0.0,0.0,0.0,0.0,0.0,0.0,0.0,0.0,348279.0,0.0,0.0,4538.0,3479.0,0.0,0.0,20657.0,0.0
84,0.0,0.0,0.0,0.0,0.0,0.0,0.0,0.0,0.0,0.0,0.0,0.0,0.0,0.0,0.0,0.0,0.0,0.0,0.0,0.0,0.0,0.0,0.0,0.0,0.0,0.0,0.0,0.0,0.0,0.0,0.0,0.0,0.0,0.0,0.0,0.0,0.0,0.0,0.0,0.0,0.0,0.0,0.0,0.0,0.0,0.0,0.0,0.0,0.0,0.0,0.0,0.0,0.0,0.0,0.0,0.0,0.0,0.0,0.0,0.0,0.0,0.0,0.0,0.0,0.0,0.0,0.0,0.0,0.0,0.0,0.0,0.0,0.0,0.0,0.0,0.0,0.0,41.0,2393.0,12438.0,3743.0,212756.0,7741.0,285255.0,1175487.0,1432.0,0.0,25339.0,940.0,0.0,175.0,775.0,1189.0,0.0,0.0,0.0,0.0,30.0,0.0,0.0,0.0,0.0,0.0,101.0,0.0,5.0,0.0,0.0,0.0,0.0,0.0,0.0,0.0,0.0,0.0,0.0,0.0,0.0,0.0,8580.0,491.0,0.0,0.0,0.0,0.0,0.0,0.0,4973.0,0.0,0.0,189907.0,676.0,0.0,0.0,19676.0,105928.0,15103.0,33592.0,60781.0,16879.0,132.0,0.0,415.0,17735.0,0.0,0.0,0.0,70.0,247.0,1138.0,31.0,8049.0,649.0,0.0,0.0,0.0,0.0,0.0,0.0,0.0,0.0,736.0,12.0,0.0,0.0,52.0,683.0,0.0,0.0,359893.0,0.0,0.0,288.0,749.0,923870.0,26942.0,222377.0,187553.0,505927.0,2077.0,13640.0,199.0,54251.0,127848.0,5260.0
85,0.0,0.0,0.0,0.0,0.0,0.0,0.0,0.0,0.0,0.0,0.0,0.0,0.0,0.0,0.0,0.0,0.0,0.0,0.0,0.0,0.0,0.0,0.0,0.0,0.0,670.0,147.0,194.0,13.0,207.0,911.0,305.0,89507.0,68.0,0.0,45.0,14401.0,1920.0,1405.0,501.0,15357.0,108.0,1129.0,114.0,3546.0,97372.0,259.0,119398.0,369.0,687.0,1855.0,7956.0,0.0,0.0,0.0,64.0,0.0,0.0,0.0,8153.0,0.0,0.0,14.0,0.0,867.0,0.0,0.0,0.0,0.0,0.0,8476.0,777.0,0.0,224.0,0.0,0.0,119970.0,83.0,106.0,12835.0,14135.0,155135.0,9328.0,116698.0,1328429.0,77.0,91.0,697.0,1038.0,12660.0,12521.0,59594.0,2171.0,2719.0,980.0,1870.0,633.0,1522.0,1109.0,261.0,23.0,213.0,983.0,316.0,2446.0,175.0,216.0,13434.0,4081.0,53906.0,1466.0,1825.0,1947.0,860.0,307.0,50.0,79763.0,0.0,2055.0,3684.0,1153.0,0.0,0.0,0.0,0.0,603.0,25.0,22089.0,1794.0,16143.0,182634.0,0.0,0.0,0.0,0.0,40654.0,39476.0,8.0,50.0,1068.0,355.0,310.0,35818.0,5635.0,1276.0,2020.0,905.0,4489.0,2579.0,441.0,16.0,2234.0,6158.0,83972.0,57303.0,1531159.0,959.0,1987409.0,410222.0,6452.0,545892.0,162460.0,70270.0,892.0,378.0,3363.0,6740.0,24028.0,1673.0,2151.0,0.0,0.0,0.0,7324.0,1042592.0,3546.0,8475.0,3958.0,663889.0,43.0,21591.0,108298.0,42256.0,12478.0,57301.0
86,0.0,0.0,0.0,0.0,0.0,0.0,0.0,0.0,0.0,0.0,0.0,73.0,0.0,12.0,116.0,0.0,0.0,0.0,12.0,748.0,309.0,0.0,367.0,280.0,231.0,503.0,216.0,166.0,21.0,690.0,2906.0,1166.0,3721.0,643.0,52.0,243.0,0.0,0.0,0.0,0.0,392.0,19.0,197.0,0.0,591.0,16234.0,90.0,601432.0,65458.0,66.0,155426.0,12192.0,0.0,0.0,0.0,0.0,0.0,0.0,0.0,0.0,0.0,0.0,0.0,0.0,42014.0,0.0,0.0,0.0,0.0,0.0,0.0,0.0,0.0,0.0,0.0,371.0,0.0,179.0,230.0,0.0,967.0,0.0,508.0,464.0,26959.0,541836.0,2511594.0,1535187.0,607938.0,44.0,61.0,266.0,129.0,373040.0,4480.0,0.0,0.0,0.0,0.0,0.0,0.0,0.0,0.0,0.0,0.0,0.0,23.0,586.0,1187.0,20299.0,1936.0,15220.0,27105.0,0.0,0.0,0.0,185.0,0.0,1960.0,651.0,1001.0,142.0,0.0,0.0,0.0,160.0,24.0,0.0,0.0,0.0,0.0,689333.0,0.0,0.0,103542.0,17232.0,5860578.0,71175.0,412655.0,163616.0,70499.0,0.0,196499.0,22739.0,0.0,0.0,0.0,0.0,13542250.0,1517355.0,514355.0,1266689.0,2739618.0,0.0,0.0,0.0,0.0,0.0,0.0,0.0,0.0,1649.0,7592.0,571.0,105.0,0.0,0.0,0.0,0.0,0.0,0.0,0.0,0.0,0.0,38601.0,4597.0,1217.0,0.0,3.0,0.0,10328.0,0.0,0.0,74030.0,0.0
87,0.0,0.0,0.0,0.0,0.0,0.0,0.0,0.0,0.0,0.0,0.0,0.0,0.0,0.0,0.0,0.0,0.0,0.0,0.0,0.0,0.0,0.0,0.0,0.0,0.0,520.0,401.0,9858.0,85.0,600.0,2517.0,1021.0,33360.0,3051.0,572.0,183.0,0.0,0.0,0.0,0.0,0.0,0.0,0.0,0.0,0.0,0.0,0.0,0.0,0.0,0.0,0.0,0.0,0.0,0.0,0.0,0.0,0.0,99.0,0.0,315981.0,0.0,0.0,0.0,0.0,0.0,0.0,0.0,0.0,0.0,0.0,1208.0,0.0,0.0,0.0,0.0,0.0,0.0,0.0,0.0,0.0,0.0,0.0,406.0,7265.0,45766.0,304801.0,564569.0,451641.0,246703.0,0.0,11.0,63.0,705.0,0.0,0.0,0.0,0.0,0.0,0.0,0.0,0.0,0.0,0.0,0.0,0.0,0.0,0.0,0.0,0.0,0.0,0.0,0.0,0.0,1594.0,0.0,228.0,0.0,0.0,0.0,286.0,926.0,0.0,0.0,0.0,0.0,0.0,438.0,0.0,0.0,0.0,12845.0,100875.0,0.0,47.0,31769.0,904.0,3687090.0,231.0,684489.0,223794.0,66238.0,11596.0,1087698.0,4192.0,0.0,0.0,0.0,0.0,28510400.0,3494541.0,592905.0,2136447.0,12370198.0,24799.0,11718.0,410849.0,0.0,0.0,0.0,0.0,0.0,0.0,0.0,224.0,1148.0,24339.0,0.0,0.0,0.0,0.0,0.0,0.0,0.0,0.0,44748.0,0.0,34811.0,183.0,119.0,0.0,8456.0,0.0,0.0,14048.0,8189.0
88,0.0,0.0,0.0,0.0,0.0,0.0,0.0,0.0,0.0,0.0,0.0,0.0,0.0,0.0,0.0,0.0,0.0,0.0,0.0,0.0,0.0,0.0,0.0,0.0,0.0,0.0,0.0,0.0,0.0,619.0,27510.0,10636.0,45143.0,0.0,0.0,0.0,0.0,0.0,0.0,0.0,0.0,0.0,0.0,0.0,2151.0,59108.0,288.0,10295.0,0.0,0.0,0.0,0.0,0.0,0.0,0.0,0.0,0.0,0.0,0.0,0.0,0.0,0.0,0.0,0.0,0.0,0.0,0.0,0.0,0.0,0.0,0.0,0.0,0.0,0.0,0.0,0.0,0.0,0.0,0.0,0.0,0.0,0.0,0.0,0.0,0.0,224196.0,1149524.0,280511.0,89533.0,0.0,1.0,4.0,123.0,0.0,0.0,0.0,0.0,0.0,0.0,0.0,0.0,0.0,0.0,0.0,0.0,0.0,0.0,0.0,0.0,0.0,0.0,0.0,0.0,0.0,0.0,0.0,319.0,0.0,641.0,5628.0,91.0,590.0,0.0,0.0,0.0,33.0,0.0,0.0,0.0,0.0,0.0,30607.0,0.0,0.0,0.0,0.0,133370.0,23.0,66.0,100.0,2865.0,0.0,15635.0,951.0,0.0,0.0,0.0,0.0,28533032.0,3960128.0,347634.0,680922.0,3317229.0,0.0,0.0,0.0,0.0,0.0,0.0,0.0,0.0,0.0,0.0,6934.0,1276.0,0.0,0.0,0.0,0.0,0.0,0.0,0.0,0.0,8627.0,35960.0,0.0,3365.0,0.0,382.0,0.0,0.0,0.0,0.0,5560.0,9890.0
89,2778.0,2048.0,69.0,816.0,17.0,366.0,187.0,150.0,0.0,11566.0,72.0,190.0,139.0,280.0,2632.0,35609.0,115.0,0.0,3244.0,40.0,69.0,597.0,463.0,128.0,86.0,618.0,220.0,3511.0,2104.0,409.0,29691.0,5820.0,32141.0,1077.0,97.0,382.0,0.0,0.0,0.0,4.0,3271.0,11.0,10.0,52.0,0.0,0.0,0.0,260598.0,71458.0,81.0,186.0,2257.0,533.0,1.0,1707.0,9014.0,539.0,2075.0,691.0,10333.0,514.0,52.0,10.0,0.0,1155.0,0.0,0.0,0.0,0.0,4954.0,8752.0,341.0,122.0,3148.0,18927.0,857.0,10303.0,5829.0,775.0,431.0,428.0,3266.0,58.0,107.0,69.0,32247.0,133679.0,33275.0,12697.0,10085.0,41091.0,33853.0,39.0,443.0,0.0,10702.0,313.0,5576.0,676.0,1875.0,127.0,10129.0,2050.0,1866.0,3244.0,902.0,945.0,1187.0,208.0,5689.0,8194.0,4659.0,0.0,2571.0,976.0,107.0,60843.0,5055.0,36463.0,92257.0,348406.0,12140.0,42797.0,126674.0,0.0,68250.0,198647.0,67380.0,0.0,935.0,10769.0,326.0,0.0,0.0,689.0,6059.0,193413.0,44.0,27.0,28125.0,16335.0,129.0,3858.0,407.0,0.0,0.0,0.0,0.0,527550.0,11299.0,85364.0,103658.0,246544.0,3280.0,505.0,1008393.0,0.0,0.0,0.0,0.0,0.0,63769.0,3382.0,241.0,6922.0,99507.0,463.0,8233.0,321.0,20.0,0.0,10.0,10.0,0.0,1449.0,8047.0,791.0,817.0,1268.0,75.0,505.0,165.0,5028.0,3209.0,713.0
90,0.0,0.0,0.0,0.0,0.0,0.0,0.0,0.0,0.0,0.0,0.0,0.0,0.0,0.0,0.0,0.0,0.0,0.0,0.0,0.0,0.0,0.0,0.0,0.0,0.0,0.0,0.0,0.0,0.0,0.0,0.0,0.0,0.0,0.0,0.0,0.0,0.0,0.0,0.0,0.0,0.0,0.0,0.0,0.0,0.0,0.0,0.0,0.0,0.0,0.0,0.0,0.0,0.0,0.0,0.0,0.0,0.0,0.0,0.0,0.0,0.0,0.0,0.0,0.0,0.0,0.0,0.0,0.0,0.0,0.0,0.0,0.0,0.0,0.0,0.0,0.0,0.0,0.0,0.0,0.0,0.0,0.0,0.0,0.0,0.0,0.0,0.0,0.0,0.0,3090138.0,16723107.0,17703272.0,0.0,0.0,0.0,0.0,0.0,0.0,0.0,0.0,0.0,0.0,0.0,0.0,0.0,0.0,0.0,0.0,0.0,0.0,0.0,0.0,0.0,0.0,0.0,0.0,0.0,0.0,15776.0,0.0,0.0,0.0,0.0,0.0,0.0,0.0,0.0,0.0,0.0,0.0,0.0,0.0,0.0,0.0,0.0,0.0,0.0,0.0,0.0,0.0,457.0,0.0,0.0,0.0,0.0,0.0,0.0,0.0,0.0,0.0,0.0,0.0,0.0,0.0,0.0,0.0,0.0,0.0,0.0,0.0,0.0,0.0,0.0,0.0,0.0,0.0,0.0,0.0,0.0,0.0,0.0,0.0,0.0,0.0,0.0,0.0,0.0,0.0,0.0,0.0,0.0,0.0,0.0,0.0,0.0
91,0.0,0.0,0.0,0.0,0.0,0.0,0.0,0.0,0.0,7723.0,15.0,0.0,84.0,0.0,458.0,27866.0,56.0,281.0,0.0,0.0,0.0,0.0,0.0,0.0,0.0,120.0,728.0,462.0,46.0,417.0,21446.0,5288.0,1461.0,400.0,30.0,112.0,25495.0,24900.0,1906.0,46.0,1064.0,79.0,1024.0,599.0,511.0,2803.0,70.0,17142.0,489.0,172.0,6896.0,2517.0,11226.0,9341.0,2082.0,19062.0,435.0,2690.0,803.0,1261.0,379.0,193.0,14.0,96.0,8152.0,4375.0,924.0,38.0,19965.0,13837.0,45639.0,4248.0,589.0,115170.0,1242323.0,52807.0,97543.0,74098.0,15101.0,11266.0,13424.0,126668.0,268.0,7081.0,113938.0,8655.0,20021.0,8843.0,9842.0,2577595.0,1343218.0,9858408.0,7904564.0,111626.0,40335.0,167153.0,50902.0,86480.0,28481.0,37898.0,1639.0,608.0,7441.0,48789.0,546789.0,5506.0,9061.0,6.0,1089.0,23907.0,35490.0,22189.0,1088.0,86873.0,677.0,3103.0,46671.0,4914.0,26750.0,62280.0,675792.0,58954.0,83385.0,246810.0,155298.0,129153.0,433276.0,220350.0,15634.0,178844.0,17261.0,6300.0,70.0,32.0,3048.0,3174.0,257624.0,6451.0,5167.0,30627.0,26790.0,50898.0,191328.0,3479.0,14427.0,347.0,5656.0,126038.0,569857.0,6051.0,8743.0,23744.0,174525.0,122053.0,34411.0,2616060.0,8376.0,968933.0,146701.0,106512.0,341558.0,399879.0,130701.0,4732.0,1863.0,2549709.0,14077.0,5756.0,37632.0,14186.0,62221.0,12.0,827.0,24421.0,289459.0,290528.0,1509301.0,517980.0,1575143.0,9022.0,628842.0,385117.0,25419.0,8212.0,1598743.0
92,13911.0,11539.0,270.0,12405.0,355.0,2979.0,1449.0,889.0,8.0,317205.0,4267.0,2330.0,14896.0,220.0,1172.0,57493.0,179.0,690.0,344.0,12061.0,298.0,176.0,331.0,762.0,551.0,1790.0,34.0,4681.0,317.0,159377.0,30156.0,15641.0,28969.0,2937.0,337.0,918.0,51366.0,28047.0,2403.0,67.0,1335.0,191.0,2095.0,950.0,2590.0,77174.0,308.0,381220.0,194.0,195.0,108244.0,18009.0,8449.0,1362.0,10438.0,21635.0,18404.0,82780.0,5367.0,88248.0,2501.0,450.0,14.0,603.0,9314.0,4943.0,1346.0,6241.0,40149.0,3042.0,62628.0,9931.0,40.0,261780.0,4401005.0,312995.0,288162.0,104485.0,19032.0,10578.0,17220.0,143685.0,4267.0,57665.0,199045.0,12632.0,27150.0,19790.0,23001.0,1885356.0,2187126.0,3580126.0,6230618.0,69263.0,16427.0,307478.0,98689.0,210762.0,221838.0,19510.0,3535.0,399322.0,431220.0,60254.0,513539.0,145879.0,16782.0,4074.0,7658.0,61965.0,240810.0,54066.0,130365.0,102423.0,122701.0,5841.0,4001.0,8265.0,4021.0,3484.0,338245.0,12087.0,1090.0,8450.0,85139.0,2487.0,119.0,254067.0,42130.0,352841.0,18718.0,3794.0,633.0,325.0,10465.0,19567.0,80866.0,29246.0,9730.0,18452.0,58580.0,82828.0,268617.0,7688.0,27327.0,1056.0,30006.0,377541.0,2019595.0,10204.0,13649.0,33516.0,1504096.0,2660212.0,178190.0,29097080.0,18299.0,3432367.0,719267.0,322987.0,1203919.0,1841148.0,553866.0,8358.0,182470.0,4197475.0,24400.0,872385.0,120670.0,4701810.0,848223.0,4815.0,431084.0,2574710.0,4215548.0,1737530.0,1513687.0,1239587.0,1894372.0,30763.0,6331236.0,265888.0,47835.0,15219.0,839931.0
93,0.0,0.0,0.0,0.0,0.0,0.0,0.0,0.0,0.0,1977.0,256.0,89.0,754.0,15.0,113.0,2646.0,60.0,180.0,12.0,830.0,12.0,286.0,49.0,57.0,41.0,60.0,68.0,397.0,75.0,139.0,900.0,391.0,465.0,97.0,49.0,40.0,20776.0,3985.0,3993.0,4.0,260.0,13.0,1243.0,63.0,2909.0,11195.0,118.0,1824.0,603.0,8.0,851.0,1599.0,126.0,7.0,33.0,165.0,148.0,59972.0,19.0,2492.0,120.0,66.0,11.0,54.0,765.0,307.0,955.0,29.0,14393.0,2330.0,116.0,61.0,4.0,868.0,2724.0,1710.0,3512.0,5739.0,1214.0,1624.0,542.0,35762.0,490.0,98.0,2020.0,4479.0,3447.0,3948.0,1128.0,26645.0,19059.0,45939.0,822088.0,866.0,73283.0,10400.0,628.0,2063.0,186.0,764.0,56.0,193.0,863.0,796.0,3223.0,68.0,133.0,64612.0,4568.0,19299.0,1583.0,817.0,2027.0,2284.0,142.0,299.0,3209.0,558.0,384.0,1080.0,3975.0,535.0,157.0,199.0,804.0,1741.0,2292.0,12390.0,1467.0,10552.0,23015.0,12436.0,538.0,131.0,13482.0,62559.0,179.0,1340.0,196.0,1446.0,3025.0,4447.0,2279.0,5920.0,6610.0,3583.0,9854.0,12433.0,303708.0,2330.0,2172.0,5987.0,39576.0,72072.0,4142.0,1063257.0,12623.0,1660233.0,338297.0,233612.0,695420.0,1362524.0,149875.0,7409.0,30263.0,1214052.0,792385.0,16109.0,22299.0,2627190.0,231691.0,86.0,312967.0,51799.0,1439427.0,662534.0,9116462.0,4323656.0,5706702.0,14535.0,6295482.0,30862.0,23884.0,952.0,103375.0
94,0.0,0.0,0.0,0.0,0.0,0.0,0.0,0.0,0.0,0.0,0.0,0.0,0.0,0.0,0.0,0.0,0.0,0.0,0.0,0.0,0.0,0.0,0.0,0.0,0.0,0.0,0.0,0.0,0.0,0.0,0.0,0.0,0.0,0.0,0.0,0.0,0.0,0.0,0.0,49.0,1437.0,123.0,118.0,622.0,0.0,46.0,0.0,0.0,0.0,0.0,0.0,0.0,6891.0,0.0,8824.0,34994.0,0.0,7307.0,162.0,0.0,0.0,0.0,0.0,0.0,25484.0,98.0,0.0,4670.0,0.0,0.0,10230.0,13947.0,1451.0,1797.0,195.0,1909.0,163201.0,85916.0,0.0,9409.0,7264.0,14152.0,734.0,8140.0,105000.0,12223.0,63653.0,17109.0,11646.0,861.0,13756.0,11554.0,2470.0,686032.0,114173.0,63532.0,77456.0,89674.0,10092.0,17782.0,1707.0,4795.0,6699.0,11483.0,309813.0,40666.0,17618.0,21564.0,5056.0,9283.0,46351.0,182662.0,61973.0,139922.0,75338.0,7803.0,693725.0,0.0,510.0,4621.0,82529.0,658.0,0.0,0.0,0.0,2988.0,6.0,408747.0,37288.0,64008.0,62623.0,4445.0,1822.0,5289.0,85588.0,29318.0,879.0,37834.0,251160.0,102997.0,66078.0,96014.0,12487.0,9260.0,12490.0,0.0,26319.0,28185.0,69725737.0,2300912.0,1329893.0,6129212.0,8752771.0,24453.0,17125.0,319173.0,136.0,0.0,0.0,0.0,0.0,6407.0,1098.0,3493.0,55727.0,5780.0,12.0,0.0,88.0,53.0,20.0,0.0,0.0,402545.0,58435.0,122543.0,970625.0,380174.0,633949.0,59.0,62813.0,69940.0,0.0,0.0,0.0
95,14073.0,13451.0,1121.0,9277.0,71.0,2973.0,1700.0,1135.0,18.0,109777.0,18226.0,15012.0,349722.0,1900.0,242544.0,231277.0,89459.0,544971.0,67956.0,1321535.0,9670.0,78075.0,314099.0,359903.0,15900.0,51519.0,11813.0,269611.0,24934.0,2717940.0,983514.0,499279.0,8459772.0,867733.0,329897.0,131227.0,9236166.0,2119415.0,3786242.0,70987.0,251659.0,151110.0,1213772.0,142230.0,76743.0,1288486.0,31020.0,4360125.0,350604.0,33945.0,465002.0,471750.0,1672588.0,1116448.0,15618.0,57305.0,146935.0,278603.0,14820.0,71797.0,43208.0,2751.0,122131.0,79783.0,1351588.0,12116.0,74623.0,78072.0,155101.0,600224.0,115833.0,31140.0,221.0,48167.0,1421294.0,124186.0,2446990.0,268326.0,152861.0,119771.0,127662.0,792971.0,110482.0,69738.0,414129.0,331277.0,632257.0,361456.0,147699.0,343202.0,310790.0,321441.0,50935.0,3194673.0,27779347.0,3199438.0,1358299.0,1386131.0,206163.0,507624.0,192590.0,376594.0,456600.0,1604920.0,843566.0,192449.0,159851.0,219823.0,47510.0,275492.0,1637601.0,1061594.0,1069140.0,2719157.0,678993.0,126360.0,581100.0,237486.0,521533.0,1105090.0,84521.0,13916.0,1055.0,480.0,94946.0,16747.0,2142.0,377844.0,134801.0,1686.0,864280.0,220863.0,31688.0,15909.0,347930.0,2011782.0,937738.0,166565.0,81674.0,83920.0,446107.0,388707.0,75840.0,143776.0,7213625.0,383682.0,1148664.0,777319.0,29548489.0,1927338.0,875590.0,2272502.0,11966305.0,6882036.0,3619263.0,78116692.0,1295558.0,135099896.0,17765623.0,3808642.0,51240688.0,4473916.0,2658843.0,286516.0,5236544.0,961945.0,545492.0,3254118.0,1178346.0,294926.0,324786.0,15.0,241588.0,3392089.0,2998183.0,8244678.0,9777727.0,381603.0,3553106.0,84900.0,3187777.0,2737310.0,322341.0,423165.0,3586312.0
96,36510.0,25967.0,110.0,1613.0,77.0,16867.0,149.0,5782.0,14.0,23925.0,6159.0,258219.0,446.0,39.0,22236.0,5479.0,145.0,5591.0,73411.0,1204.0,7941.0,564.0,568.0,598.0,206.0,0.0,17.0,1395.0,0.0,33.0,1393.0,405.0,0.0,0.0,0.0,0.0,619776.0,1211293.0,2668973.0,759.0,90085.0,216976.0,412394.0,54758.0,5851.0,1058737.0,60794.0,424382.0,997.0,28293.0,53857.0,586977.0,419007.0,42937.0,53319.0,257054.0,586719.0,372622.0,11460.0,891374.0,314119.0,4614.0,0.0,0.0,6614094.0,16987.0,645268.0,2486.0,60865.0,543491.0,1147868.0,5267743.0,54710.0,1388364.0,954992.0,17223.0,10376280.0,2229948.0,594496.0,25016.0,60169.0,1450599.0,1864053.0,488521.0,1977067.0,325594.0,1848564.0,1050135.0,294647.0,3761150.0,5106810.0,4678601.0,552566.0,6453583.0,6207002.0,17199277.0,6112900.0,26232342.0,5841990.0,10965026.0,775591.0,10806906.0,12278177.0,13273244.0,16559387.0,1810729.0,1750648.0,1678596.0,304381.0,18507145.0,5462679.0,2501958.0,1708175.0,2488758.0,745932.0,116613.0,701155.0,367077.0,696010.0,1139576.0,1613004.0,460295.0,2596447.0,3496145.0,5719129.0,1697987.0,3148113.0,8100861.0,316669.0,4399914.0,120426.0,314538.0,0.0,23952.0,67428.0,221532.0,604883.0,55876.0,27654.0,576673.0,105820.0,120072.0,2752370.0,56703.0,186227.0,281.0,3072907.0,1390555.0,2991125.0,95009.0,13550.0,307231.0,1772379.0,1228.0,1621865.0,2211335.0,0.0,661383.0,487723.0,5884.0,1219330.0,645652.0,2498.0,9797.0,241483.0,0.0,0.0,0.0,0.0,0.0,0.0,0.0,0.0,610.0,528887.0,390772.0,805375.0,188802.0,30106433.0,12935.0,551799.0,11644117.0,29621.0,163265.0,908404.0
97,25775588.0,6000255.0,197090.0,1539596.0,94324.0,235445.0,176530.0,425952.0,4665.0,12576609.0,396867.0,1421786.0,1465571.0,29527.0,1026842.0,10735561.0,265784.0,1735366.0,1808941.0,12197455.0,872240.0,595146.0,2581970.0,1232874.0,125425.0,0.0,0.0,0.0,0.0,105273.0,96492.0,46660.0,149502.0,22834.0,14527.0,6486.0,0.0,0.0,0.0,0.0,0.0,0.0,0.0,0.0,0.0,0.0,0.0,0.0,0.0,0.0,0.0,0.0,0.0,0.0,0.0,104.0,0.0,0.0,0.0,0.0,0.0,0.0,0.0,0.0,466.0,0.0,0.0,0.0,0.0,0.0,0.0,0.0,0.0,0.0,0.0,0.0,0.0,0.0,0.0,0.0,0.0,0.0,0.0,0.0,0.0,0.0,0.0,0.0,0.0,0.0,0.0,0.0,0.0,0.0,0.0,0.0,2106680.0,0.0,44087.0,0.0,0.0,0.0,0.0,0.0,0.0,0.0,0.0,0.0,0.0,0.0,0.0,0.0,0.0,0.0,0.0,0.0,0.0,0.0,0.0,0.0,0.0,0.0,0.0,0.0,0.0,0.0,0.0,6909.0,0.0,865.0,0.0,0.0,0.0,0.0,0.0,0.0,0.0,0.0,0.0,0.0,0.0,0.0,0.0,0.0,7.0,0.0,0.0,202.0,17867.0,0.0,0.0,0.0,0.0,0.0,0.0,0.0,0.0,0.0,0.0,0.0,0.0,226189.0,0.0,9414.0,205.0,0.0,0.0,0.0,0.0,0.0,0.0,0.0,0.0,32736.0,176631.0,53405.0,1090010.0,1907.0,139.0,216.0,202.0,1081.0,6416.0,0.0,8841.0
98,0.0,0.0,0.0,0.0,0.0,0.0,0.0,0.0,0.0,0.0,0.0,0.0,0.0,0.0,0.0,0.0,0.0,0.0,0.0,0.0,0.0,0.0,0.0,0.0,0.0,0.0,0.0,0.0,0.0,0.0,0.0,0.0,0.0,0.0,0.0,0.0,0.0,0.0,0.0,0.0,0.0,0.0,0.0,0.0,0.0,0.0,0.0,0.0,0.0,0.0,0.0,0.0,0.0,0.0,0.0,0.0,0.0,0.0,0.0,0.0,0.0,0.0,0.0,0.0,133.0,0.0,0.0,0.0,85.0,0.0,0.0,0.0,0.0,0.0,0.0,0.0,4867661.0,2434478.0,945487.0,960742.0,906219.0,674011.0,421400.0,412079.0,4129162.0,7569.0,12051.0,31957.0,59131.0,581826.0,351270.0,480451.0,25155.0,1634548.0,0.0,715573.0,716.0,7060421.0,42803.0,1395221.0,40522.0,1233.0,217.0,140881.0,0.0,106708.0,2645625.0,368289.0,1117633.0,60294297.0,572.0,27310.0,245116.0,1733896.0,0.0,33179.0,37318.0,0.0,976743.0,55069.0,3024805.0,909696.0,50.0,0.0,957089.0,33527.0,542153.0,4164070.0,817154.0,2759035.0,858017.0,936925.0,21707.0,2116.0,481710.0,1635418.0,613497.0,120898.0,710003.0,1641568.0,2595209.0,39162.0,1101861.0,70575.0,0.0,0.0,0.0,0.0,2232.0,18.0,234.0,27.0,39284.0,0.0,0.0,0.0,0.0,0.0,0.0,0.0,0.0,0.0,0.0,0.0,0.0,10720.0,0.0,0.0,0.0,0.0,0.0,0.0,0.0,0.0,115532.0,0.0,3780.0,112.0,451325.0,159.0,2291.0,0.0,0.0,0.0,0.0
99,853313.0,262658.0,72471.0,377309.0,30546.0,111818.0,102541.0,456969.0,1798.0,6742363.0,167951.0,339954.0,685146.0,16039.0,425745.0,6659457.0,119749.0,1008401.0,343798.0,3654474.0,68417.0,176665.0,1156514.0,481156.0,36917.0,2.0,312.0,26660.0,4.0,86906.0,48023.0,25200.0,133095.0,19681.0,4392.0,2966.0,7560.0,4689.0,15900.0,78.0,451.0,151.0,364.0,569.0,116.0,222.0,195.0,1437.0,844.0,58.0,58.0,45.0,1975.0,143.0,69.0,240.0,619.0,3462.0,149.0,309.0,218.0,59.0,19.0,7214.0,1776.0,302.0,311.0,479.0,130.0,2248.0,4813.0,23338.0,95.0,535.0,587.0,44.0,0.0,0.0,0.0,0.0,0.0,0.0,0.0,0.0,0.0,726.0,554.0,12992.0,366.0,0.0,0.0,0.0,0.0,101.0,648.0,72.0,4855.0,395.0,7279.0,1168.0,57.0,0.0,3704.0,243.0,1636.0,41.0,11.0,0.0,896.0,5899.0,417.0,334.0,660.0,114.0,571.0,932.0,5175.0,2427.0,3878.0,12985.0,8272.0,9603.0,539.0,618.0,761.0,2531.0,840.0,961.0,7.0,6.0,7.0,7.0,13.0,127.0,562.0,2219.0,333.0,114.0,397.0,201.0,214.0,247.0,216.0,0.0,171.0,127.0,113546.0,252.0,19070.0,37.0,135.0,336.0,57.0,3681.0,12998.0,79033.0,123.0,185.0,144.0,133.0,0.0,1154.0,81.0,2927.0,98.0,153.0,167.0,45.0,130.0,79667.0,134.0,3.0,7.0,13853.0,2991.0,345.0,183629.0,25154.0,78221.0,63.0,2377.0,16176.0,2481.0,59.0,6978.0
100,0.0,0.0,0.0,0.0,0.0,0.0,0.0,0.0,0.0,0.0,0.0,0.0,0.0,0.0,0.0,0.0,0.0,0.0,0.0,0.0,0.0,0.0,0.0,0.0,0.0,0.0,0.0,0.0,0.0,0.0,0.0,0.0,209002.0,0.0,0.0,0.0,0.0,0.0,0.0,0.0,0.0,0.0,0.0,0.0,0.0,0.0,0.0,0.0,0.0,0.0,0.0,0.0,0.0,0.0,0.0,0.0,0.0,0.0,0.0,0.0,0.0,0.0,0.0,0.0,0.0,0.0,0.0,0.0,0.0,0.0,0.0,0.0,0.0,0.0,532.0,22.0,3759.0,102305.0,196.0,279.0,8.0,65813.0,0.0,0.0,2176.0,330646.0,524857.0,426959.0,266229.0,362699.0,328792.0,684079.0,2570284.0,7434.0,0.0,0.0,0.0,0.0,0.0,0.0,0.0,0.0,0.0,0.0,0.0,0.0,0.0,0.0,1998.0,5162.0,517.0,40045.0,0.0,0.0,0.0,0.0,255362.0,0.0,61.0,141277.0,0.0,0.0,0.0,0.0,0.0,4726.0,24.0,0.0,0.0,160.0,1416340.0,198779.0,40801.0,16417.0,166616.0,2038050.0,242138.0,18001.0,107316.0,72133.0,18357.0,12622.0,2700.0,42227.0,1453.0,408.0,17244.0,4300.0,5309887.0,1079875.0,154114.0,859347.0,2896608.0,463.0,1567092.0,148302.0,381.0,119332.0,12475.0,719.0,116397.0,34572.0,5697.0,3040.0,307.0,3590458.0,207012.0,596323.0,395298.0,39275.0,409.0,17.0,3.0,277568.0,1031054.0,1249682.0,1965959.0,618192.0,851894.0,26359.0,2027137.0,176871.0,1029.0,12317.0,5076.0
101,0.0,0.0,0.0,0.0,0.0,0.0,0.0,0.0,0.0,0.0,0.0,0.0,0.0,0.0,0.0,0.0,0.0,0.0,0.0,0.0,0.0,0.0,0.0,0.0,0.0,0.0,0.0,0.0,0.0,0.0,0.0,0.0,0.0,0.0,0.0,0.0,0.0,0.0,0.0,0.0,0.0,0.0,0.0,0.0,0.0,0.0,0.0,0.0,0.0,0.0,0.0,0.0,0.0,0.0,0.0,0.0,0.0,0.0,0.0,0.0,0.0,0.0,0.0,0.0,0.0,0.0,0.0,0.0,0.0,0.0,0.0,0.0,0.0,0.0,125.0,0.0,0.0,0.0,280.0,70.0,0.0,1548.0,8.0,310.0,6913.0,478691.0,843984.0,517520.0,234283.0,23911.0,34974.0,173876.0,385638.0,19788.0,0.0,0.0,0.0,0.0,0.0,38807.0,1113.0,0.0,0.0,0.0,0.0,0.0,0.0,0.0,186.0,10093.0,1422.0,8524.0,0.0,108765.0,16394.0,2314.0,39824.0,0.0,297.0,7426.0,362.0,669.0,0.0,0.0,19207.0,973.0,32.0,131072.0,199.0,190353.0,349900.0,306041.0,0.0,0.0,34926.0,146327.0,1386505.0,435.0,122471.0,140993.0,30096.0,7805.0,8319.0,16611.0,174.0,0.0,27496.0,0.0,821315.0,285334.0,2072.0,128163.0,18328.0,0.0,570499.0,0.0,0.0,0.0,0.0,0.0,0.0,0.0,0.0,0.0,0.0,0.0,0.0,0.0,0.0,0.0,0.0,0.0,0.0,825.0,27888.0,3812.0,6225.0,158.0,619.0,45.0,15847.0,0.0,0.0,0.0,0.0
102,39.0,572.0,122.0,311.0,62.0,67.0,75.0,127.0,12.0,5367.0,1211.0,105.0,2735.0,17.0,1066.0,8188.0,196.0,1283.0,1101.0,1180.0,410.0,933.0,1974.0,753.0,122.0,286.0,505.0,1733.0,1286.0,140067.0,573.0,157.0,499985.0,16573.0,933.0,48.0,25935.0,8701.0,18514.0,955.0,7881.0,17.0,160103.0,717.0,24652.0,74803.0,1109.0,315170.0,405.0,437.0,1176.0,31751.0,3199.0,1497.0,11401.0,274.0,2733.0,31634.0,5971.0,3643.0,4579.0,594.0,17.0,309.0,926.0,178.0,197.0,146.0,232.0,31469.0,3132.0,13566.0,10.0,489.0,458.0,38.0,76475.0,492.0,3154.0,857.0,121.0,84096.0,35.0,417.0,1140.0,86508.0,125809.0,54607.0,24852.0,32943.0,12291.0,24242.0,4399.0,577.0,1445.0,10607.0,55133.0,111654.0,24198.0,1215.0,417.0,3041.0,23238.0,2765.0,396503.0,35673.0,458.0,2512.0,414.0,4899.0,277374.0,5933.0,43346.0,6135.0,38.0,1342.0,134.0,2676.0,86.0,958.0,1046.0,4746.0,120.0,2374.0,349.0,512.0,1022.0,26334.0,393.0,286.0,60861.0,142.0,838.0,239.0,718.0,2705.0,2749.0,437.0,9119.0,3859.0,20241.0,7725.0,952.0,2131.0,6600.0,149.0,8925.0,115439.0,50649.0,1565.0,12394.0,3831.0,42620.0,166213.0,681572.0,1434127.0,83044.0,859156.0,306342.0,44192.0,386108.0,502090.0,32699.0,88583.0,63208.0,23983.0,10037.0,2355.0,1797.0,7478.0,103.0,3.0,406.0,188622.0,439009.0,198327.0,2020350.0,1784339.0,832638.0,468.0,134445.0,766074.0,34084.0,5401.0,1895449.0
103,0.0,0.0,0.0,0.0,0.0,0.0,0.0,0.0,0.0,0.0,0.0,0.0,0.0,0.0,0.0,0.0,0.0,0.0,0.0,0.0,0.0,0.0,0.0,0.0,0.0,0.0,0.0,0.0,0.0,0.0,0.0,0.0,0.0,0.0,0.0,0.0,0.0,0.0,0.0,0.0,0.0,0.0,0.0,0.0,0.0,0.0,0.0,0.0,0.0,0.0,0.0,0.0,0.0,0.0,0.0,0.0,0.0,0.0,0.0,15817.0,0.0,0.0,0.0,0.0,0.0,0.0,10060.0,188.0,7612.0,0.0,526.0,0.0,0.0,0.0,0.0,0.0,0.0,0.0,0.0,0.0,0.0,0.0,0.0,0.0,0.0,0.0,0.0,0.0,0.0,0.0,0.0,0.0,0.0,0.0,0.0,0.0,0.0,0.0,0.0,0.0,0.0,0.0,272320.0,0.0,1088.0,4287.0,0.0,0.0,0.0,0.0,0.0,0.0,0.0,0.0,0.0,0.0,0.0,0.0,0.0,0.0,0.0,0.0,0.0,0.0,0.0,0.0,0.0,0.0,0.0,0.0,0.0,0.0,0.0,0.0,0.0,0.0,83.0,1159.0,269.0,28637.0,167943.0,312.0,2574.0,906.0,0.0,0.0,10472.0,0.0,0.0,0.0,0.0,0.0,0.0,987754.0,1237626.0,564676.0,342.0,8991.0,375.0,225.0,521.0,335386.0,1734.0,162295.0,137779.0,61759.0,80159.0,0.0,0.0,33142.0,226.0,3.0,0.0,70854.0,867141.0,77123.0,242163.0,80245.0,34715.0,12.0,469498.0,19773.0,594469.0,2197.0,4936427.0
104,21441.0,7982.0,573.0,1599.0,140.0,261.0,191.0,361.0,7.0,0.0,0.0,79.0,166.0,0.0,0.0,0.0,0.0,0.0,2788.0,573.0,1041.0,0.0,0.0,0.0,0.0,859.0,101.0,10745.0,0.0,7820.0,70185.0,18145.0,36019.0,6940.0,593.0,50.0,245040.0,442473.0,41487.0,69474.0,136071.0,3328.0,799082.0,165113.0,2354.0,762548.0,80490.0,7345260.0,500913.0,24345.0,650373.0,594610.0,5730.0,7670.0,0.0,0.0,1565.0,8435.0,2896.0,12694.0,90787.0,1881.0,32.0,0.0,0.0,88073.0,0.0,0.0,73693.0,0.0,820530.0,553.0,36.0,15820.0,403157.0,57097.0,230361.0,99808.0,11107.0,3146.0,5105.0,165005.0,4869.0,121999.0,294146.0,1009373.0,1747248.0,908427.0,319320.0,594171.0,986397.0,1291806.0,2962522.0,387787.0,1541916.0,974569.0,14505.0,11846.0,46117.0,180720.0,4694.0,54214.0,53537.0,1144227.0,618133.0,128891.0,254916.0,43497.0,30907.0,401116.0,63231.0,326853.0,218851.0,22930.0,45451.0,10774.0,492434.0,0.0,10340.0,84277.0,3849.0,383758.0,34.0,0.0,4407246.0,1778.0,151.0,393693.0,147.0,1722219.0,194021.0,111809.0,2796.0,2631.0,96145.0,36858.0,1122525.0,33574.0,188785.0,62950.0,271659.0,20984.0,146806.0,14026.0,359453.0,145.0,255112.0,138245.0,2077372.0,140137.0,326918.0,134102.0,2707882.0,151753.0,196263.0,9906532.0,4660.0,3098578.0,251045.0,58308.0,960969.0,412805.0,48249.0,13402.0,203055.0,287043.0,14.0,0.0,4904.0,1272598.0,185809.0,16.0,136381.0,945938.0,1252425.0,645945.0,10237.0,7216.0,1468112.0,49.0,3276443.0,672501.0,135390.0,13151.0,681892.0
105,4198.0,2322.0,0.0,0.0,3.0,593.0,1621.0,1234.0,8.0,471.0,1471.0,249.0,9449.0,19.0,303.0,314.0,73.0,161.0,11612.0,3397.0,522.0,91.0,417.0,315.0,52.0,239476.0,45107.0,830618.0,94733.0,17387.0,24297.0,4209.0,110459.0,34586.0,3174.0,1524.0,887.0,7233.0,2458.0,32.0,124.0,65.0,480.0,57.0,35.0,790.0,107.0,298608.0,12541.0,75.0,833.0,5595.0,4561.0,9.0,9.0,28.0,211.0,1436.0,248.0,121.0,190.0,2870.0,34.0,237.0,3886.0,1930.0,59.0,494.0,105.0,994.0,1557.0,24446.0,19.0,43187.0,583.0,38.0,251.0,100.0,0.0,36.0,5.0,3680.0,1174.0,1490.0,2907.0,10659.0,34634.0,14495.0,7501.0,431107.0,114051.0,133231.0,1680.0,406.0,86214.0,4080.0,73.0,47357.0,2240.0,889.0,24.0,78.0,515578.0,770049.0,3991733.0,855885.0,378.0,13754.0,4307.0,6275.0,1937.0,1591.0,25.0,6121.0,25422.0,18.0,179576.0,4991.0,83.0,1357.0,18608.0,211371.0,3509.0,35328.0,22875.0,1412.0,1073.0,23263.0,13.0,674.0,45288.0,67.0,24.0,1739.0,177.0,6687.0,43426.0,502.0,377.0,482.0,143.0,195.0,945.0,0.0,2445.0,203.0,3362.0,309377.0,69856.0,15.0,114.0,123.0,0.0,94245.0,3365.0,569705.0,5279.0,1015119.0,182939.0,30065.0,104671.0,597998.0,3125.0,1163.0,42435.0,33981.0,1295.0,28547.0,32042.0,45074.0,1132.0,2.0,2495.0,27311.0,413434.0,240925.0,1996200.0,172226.0,29848775.0,3316.0,642674.0,15347013.0,40553.0,879.0,1366168.0
106,0.0,0.0,0.0,0.0,0.0,0.0,0.0,0.0,0.0,0.0,0.0,0.0,0.0,0.0,0.0,0.0,0.0,0.0,0.0,0.0,0.0,0.0,0.0,0.0,0.0,0.0,0.0,0.0,0.0,0.0,0.0,0.0,0.0,0.0,0.0,0.0,0.0,0.0,0.0,0.0,0.0,0.0,0.0,0.0,0.0,0.0,0.0,0.0,0.0,0.0,0.0,0.0,0.0,0.0,0.0,0.0,0.0,0.0,0.0,0.0,0.0,0.0,0.0,0.0,0.0,0.0,0.0,0.0,0.0,0.0,0.0,0.0,0.0,0.0,0.0,0.0,0.0,0.0,0.0,0.0,0.0,0.0,0.0,0.0,0.0,0.0,0.0,0.0,0.0,0.0,0.0,0.0,0.0,0.0,0.0,0.0,0.0,0.0,0.0,0.0,0.0,0.0,0.0,0.0,0.0,0.0,0.0,0.0,0.0,0.0,0.0,0.0,0.0,0.0,0.0,0.0,0.0,0.0,0.0,0.0,0.0,0.0,0.0,0.0,0.0,0.0,0.0,0.0,0.0,0.0,0.0,0.0,0.0,0.0,0.0,0.0,0.0,0.0,0.0,0.0,0.0,0.0,0.0,0.0,0.0,0.0,0.0,0.0,0.0,0.0,0.0,0.0,0.0,0.0,0.0,0.0,0.0,0.0,0.0,0.0,0.0,0.0,0.0,0.0,0.0,18.0,0.0,0.0,0.0,0.0,0.0,0.0,0.0,0.0,0.0,0.0,71134.0,11162.0,1854983.0,0.0,2151.0,81015.0,3928.0,0.0,17615.0
107,292.0,1304.0,197.0,342.0,28.0,354.0,138.0,155.0,8.0,7432.0,4484.0,2162.0,19074.0,202.0,700.0,9987.0,284.0,562.0,106.0,4060.0,91.0,0.0,437.0,230.0,174.0,1006.0,21.0,2502.0,14.0,28044.0,20300.0,2575.0,14063.0,4274.0,363.0,1684.0,597109.0,10294.0,76629.0,87.0,6204.0,590.0,26936.0,1905.0,26370.0,7878.0,87.0,171260.0,730.0,177.0,12869.0,22810.0,1326.0,70.0,235.0,874.0,606.0,36424.0,369.0,6287.0,736.0,143.0,12.0,413.0,3135.0,361.0,642.0,475.0,51.0,125853.0,3349.0,2335.0,128.0,967.0,82036.0,5558.0,73577.0,28978.0,6003.0,9918.0,0.0,0.0,1259.0,22352.0,334244.0,143126.0,332472.0,73435.0,16470.0,2555.0,38421.0,31381.0,0.0,46564.0,2842.0,42645.0,17056.0,21936.0,1369.0,13606.0,691.0,8157.0,16422.0,7521.0,1786.0,3102.0,4900.0,296729.0,20925.0,13752.0,6903.0,17111.0,21601.0,20436.0,283.0,737.0,563.0,7282.0,610.0,295624.0,2759.0,3204.0,94.0,224.0,288.0,44962.0,376.0,337519.0,13153.0,63328.0,11126674.0,34772.0,0.0,101901.0,770851.0,6720306.0,7798.0,5934.0,2210.0,12394.0,19178.0,83468.0,13642.0,132467.0,29089.0,312.0,18213.0,39256.0,118788.0,2872.0,1695.0,14708.0,45470.0,490266.0,787343.0,439135.0,391.0,7515532.0,461919.0,275963.0,1325763.0,458136.0,134724.0,25713.0,4912.0,14296.0,4008.0,9088.0,3442.0,5921.0,8319.0,9.0,1287.0,28822.0,572794.0,1106910.0,161090.0,1057.0,176939.0,391.0,7613.0,2864.0,7988.0,23812.0,13300.0
108,0.0,0.0,0.0,0.0,0.0,0.0,0.0,0.0,0.0,0.0,0.0,0.0,0.0,0.0,0.0,0.0,0.0,0.0,0.0,0.0,0.0,0.0,0.0,0.0,0.0,0.0,0.0,0.0,0.0,0.0,0.0,0.0,0.0,0.0,0.0,0.0,0.0,0.0,0.0,0.0,0.0,0.0,0.0,0.0,0.0,0.0,0.0,0.0,0.0,0.0,0.0,0.0,0.0,0.0,0.0,0.0,0.0,0.0,0.0,0.0,0.0,0.0,0.0,0.0,0.0,0.0,0.0,0.0,0.0,0.0,0.0,0.0,0.0,0.0,0.0,0.0,0.0,0.0,30.0,22.0,3216.0,9485.0,0.0,209657.0,3958508.0,0.0,0.0,0.0,0.0,0.0,0.0,0.0,0.0,2253.0,29.0,0.0,0.0,0.0,0.0,0.0,0.0,0.0,0.0,0.0,0.0,0.0,14880504.0,446014.0,4669420.0,3231590.0,378514.0,992.0,0.0,0.0,0.0,0.0,0.0,77885.0,1279779.0,59747.0,119242.0,0.0,0.0,39625.0,0.0,42607.0,74645.0,102182.0,0.0,0.0,1119547.0,5076.0,0.0,0.0,104856.0,23955.0,904446.0,252.0,23590.0,1751999.0,786132.0,555007.0,1729703.0,21352.0,0.0,0.0,0.0,0.0,11588.0,41071.0,1441.0,377446.0,30550.0,0.0,0.0,0.0,0.0,0.0,0.0,0.0,0.0,0.0,0.0,0.0,0.0,0.0,0.0,0.0,0.0,0.0,0.0,0.0,0.0,0.0,0.0,0.0,0.0,0.0,0.0,0.0,0.0,0.0,0.0,0.0,0.0
109,0.0,548.0,31.0,0.0,0.0,65.0,31.0,18.0,8.0,663.0,213.0,86.0,770.0,0.0,0.0,541.0,28.0,0.0,12.0,327.0,11.0,0.0,70.0,0.0,0.0,153.0,16.0,110.0,50.0,17282.0,3303.0,1362.0,1547.0,575.0,40.0,250.0,341812.0,13345.0,43554.0,537.0,33807.0,452.0,18114.0,1552.0,16410.0,7928.0,97.0,6035.0,77.0,26.0,3625.0,14071.0,2188.0,172.0,1224.0,4277.0,2632.0,765.0,1266.0,23238.0,1746.0,238.0,19.0,0.0,90.0,0.0,0.0,39.0,0.0,32357.0,18026.0,5217.0,270.0,29315.0,14961.0,995.0,104592.0,20408.0,62485.0,929.0,2493.0,732.0,15729.0,179192.0,337420.0,47449.0,91089.0,25203.0,6371.0,3171.0,50889.0,41564.0,253.0,12367.0,4818.0,67201.0,16688.0,45171.0,6107.0,2573.0,448.0,13321.0,8770.0,17321.0,209302.0,6394.0,3014.0,40994.0,9395.0,499031.0,7045.0,15618.0,21060.0,5569.0,10260.0,528.0,375.0,0.0,7176.0,7903.0,1655.0,1376.0,212.0,0.0,15935.0,2344.0,131.0,24078.0,8.0,67979.0,287900.0,52823.0,38732.0,39303.0,202514.0,322439.0,402.0,6154.0,165422.0,72321.0,214734.0,32570.0,2216.0,48359.0,26314.0,893.0,11736.0,10647.0,778256.0,4117.0,4724.0,16997.0,2008769.0,398957.0,355297.0,1670456.0,442.0,613053.0,389143.0,37183.0,322385.0,278309.0,85997.0,5245.0,24980.0,7258.0,93099.0,54369.0,2696.0,10845.0,525.0,3.0,12017.0,75484.0,140635.0,62628.0,54877.0,20991.0,1703118.0,121.0,163814.0,61293.0,12397.0,4860.0,13868.0
110,28522.0,23266.0,2649.0,294.0,397.0,6446.0,3944.0,1556.0,9.0,257180.0,10206.0,16359.0,58055.0,836.0,80903.0,442958.0,28702.0,144286.0,126584.0,145854.0,18379.0,13622.0,121450.0,166226.0,11608.0,21813.0,3357.0,41092.0,4924.0,317882.0,58709.0,15284.0,224416.0,26287.0,2988.0,7319.0,353257.0,166956.0,133752.0,1109.0,71247.0,6565.0,197352.0,28671.0,61161.0,114388.0,209.0,654719.0,3348.0,3413.0,23994.0,64809.0,107068.0,729226.0,15192.0,55531.0,71941.0,84264.0,13692.0,79.0,17163.0,66.0,158.0,342.0,90602.0,82.0,17764.0,281601.0,20380.0,689567.0,107557.0,9744.0,3064.0,605045.0,1055930.0,71035.0,134945.0,290664.0,66649.0,31720.0,42796.0,425378.0,737623.0,108300.0,191677.0,158661.0,342327.0,194079.0,82294.0,137441.0,178148.0,261256.0,143320.0,202333.0,105299.0,656974.0,206196.0,1081624.0,208227.0,100150.0,4133.0,167697.0,556731.0,142488.0,553552.0,306875.0,131362.0,156845.0,48127.0,480230.0,657835.0,107482.0,134315.0,468899.0,164682.0,20085.0,248135.0,27749.0,175711.0,353621.0,2215266.0,248736.0,552497.0,1635318.0,1020627.0,912391.0,2869514.0,2361926.0,272586.0,2427007.0,473946.0,83833.0,94786.0,5582.0,445777.0,2773003.0,1344984.0,86025.0,298938.0,159329.0,562147.0,1062834.0,2834517.0,122342.0,21429.0,373.0,19019.0,113148.0,27385667.0,4033534.0,96612.0,1301203.0,13450817.0,1344176.0,694509.0,28079618.0,6569.0,2709602.0,275746.0,123568.0,1314569.0,1114584.0,641957.0,36051.0,352785.0,215529.0,213341.0,810086.0,26359.0,2968267.0,195403.0,17.0,346449.0,2169902.0,2347975.0,267085.0,821258.0,378960.0,1948142.0,48854.0,1514071.0,399293.0,181976.0,79027.0,411731.0
111,0.0,0.0,0.0,0.0,0.0,0.0,0.0,0.0,0.0,4171.0,351.0,0.0,0.0,0.0,0.0,18067.0,17.0,0.0,0.0,0.0,0.0,0.0,0.0,0.0,0.0,0.0,37.0,3308.0,0.0,30.0,51.0,13.0,23420.0,1122.0,203.0,61.0,1136313.0,10836.0,119350.0,844.0,3619.0,1761.0,13038.0,1545.0,0.0,0.0,0.0,0.0,0.0,0.0,0.0,0.0,0.0,0.0,3565.0,13310.0,56409.0,7382.0,3231.0,52518.0,10433.0,596.0,35.0,755.0,266451.0,0.0,0.0,31.0,4986.0,108807.0,3882.0,4501.0,5575.0,86844.0,117080.0,2022.0,116095.0,72220.0,0.0,9069.0,0.0,90574.0,0.0,5152.0,51897.0,0.0,0.0,93619.0,20784.0,0.0,0.0,0.0,737.0,18348.0,1519.0,435787.0,41088.0,57675.0,17235.0,58556.0,2533.0,21806.0,135839.0,129414.0,110246.0,10362.0,12635.0,8930.0,2875.0,117582.0,1181968.0,272850.0,167284.0,357387.0,69408.0,14146.0,9164.0,0.0,5744.0,30984.0,3573412.0,512853.0,525.0,2643.0,0.0,6329.0,72.0,370723.0,32448.0,49440.0,1095464.0,629665.0,11814.0,10880.0,125096.0,1053857.0,5305.0,13583.0,7963.0,9801.0,17114.0,73392.0,196448.0,91070.0,0.0,0.0,0.0,5.0,14721437.0,890862.0,28486.0,96095.0,7800079.0,18118.0,55900.0,360400.0,252800.0,3913955.0,628070.0,778.0,1330051.0,728937.0,622.0,4619.0,26125.0,17423.0,281771.0,6119.0,14432.0,2334.0,0.0,0.0,0.0,84842.0,662708.0,67313.0,8753.0,19783.0,18561.0,123.0,248646.0,44150.0,3494.0,3149.0,16443.0
112,0.0,0.0,0.0,0.0,0.0,0.0,0.0,0.0,0.0,2632.0,207.0,106.0,102.0,0.0,0.0,8654.0,157.0,0.0,0.0,0.0,0.0,0.0,0.0,0.0,0.0,293.0,21.0,1843.0,0.0,39.0,41.0,11.0,5950.0,529.0,99.0,63.0,0.0,0.0,0.0,0.0,0.0,0.0,0.0,0.0,0.0,0.0,0.0,0.0,0.0,0.0,0.0,0.0,0.0,0.0,2.0,39.0,0.0,0.0,0.0,0.0,0.0,0.0,0.0,0.0,0.0,0.0,0.0,0.0,0.0,0.0,223.0,0.0,0.0,147.0,37.0,0.0,0.0,0.0,0.0,0.0,0.0,0.0,0.0,0.0,0.0,0.0,0.0,0.0,0.0,0.0,0.0,0.0,0.0,12381.0,0.0,0.0,0.0,0.0,0.0,0.0,0.0,0.0,0.0,0.0,0.0,0.0,0.0,38.0,3.0,1313.0,0.0,353259.0,227.0,1158.0,3.0,2189.0,543.0,0.0,22.0,5022.0,1984.0,75972.0,0.0,0.0,0.0,361.0,0.0,40.0,17.0,53166.0,0.0,277620.0,0.0,0.0,0.0,123.0,10.0,358.0,0.0,0.0,235.0,0.0,121.0,6372.0,0.0,0.0,0.0,4.0,36442477.0,1760386.0,506287.0,773712.0,7968000.0,0.0,0.0,0.0,0.0,0.0,0.0,0.0,0.0,2305.0,0.0,288.0,1107.0,74.0,34.0,0.0,0.0,6770.0,0.0,0.0,0.0,1981577.0,76.0,306240.0,318.0,569.0,684.0,82.0,211237.0,185848.0,4150.0,112.0,1465.0
113,0.0,0.0,0.0,0.0,0.0,0.0,0.0,0.0,0.0,0.0,0.0,0.0,0.0,0.0,0.0,0.0,0.0,0.0,0.0,0.0,0.0,0.0,0.0,0.0,0.0,0.0,0.0,0.0,0.0,0.0,0.0,0.0,0.0,0.0,0.0,0.0,0.0,0.0,0.0,0.0,0.0,0.0,0.0,0.0,0.0,0.0,0.0,0.0,0.0,0.0,0.0,0.0,0.0,0.0,0.0,0.0,0.0,0.0,0.0,0.0,0.0,0.0,0.0,0.0,0.0,0.0,0.0,0.0,0.0,0.0,0.0,0.0,0.0,0.0,0.0,0.0,0.0,0.0,0.0,0.0,0.0,0.0,0.0,0.0,0.0,0.0,0.0,0.0,0.0,0.0,0.0,0.0,0.0,1028197.0,0.0,0.0,0.0,0.0,0.0,0.0,0.0,0.0,0.0,0.0,0.0,0.0,0.0,0.0,0.0,0.0,0.0,1729568.0,926968.0,0.0,0.0,8533.0,410.0,0.0,0.0,0.0,0.0,0.0,0.0,0.0,0.0,0.0,0.0,0.0,0.0,0.0,0.0,0.0,0.0,0.0,0.0,0.0,0.0,0.0,0.0,0.0,0.0,0.0,1791.0,7078.0,0.0,0.0,0.0,0.0,46906280.0,951049.0,910023.0,4293305.0,6639017.0,0.0,0.0,0.0,0.0,0.0,0.0,0.0,0.0,0.0,0.0,0.0,0.0,0.0,0.0,0.0,0.0,0.0,0.0,0.0,0.0,0.0,0.0,0.0,382254.0,0.0,231.0,0.0,0.0,0.0,0.0,0.0,0.0
114,0.0,0.0,0.0,0.0,0.0,0.0,0.0,0.0,0.0,0.0,0.0,0.0,0.0,0.0,0.0,0.0,0.0,0.0,0.0,0.0,0.0,0.0,0.0,0.0,0.0,0.0,0.0,0.0,0.0,0.0,0.0,0.0,0.0,0.0,0.0,0.0,0.0,0.0,0.0,35.0,8850.0,0.0,172410.0,0.0,0.0,67000.0,0.0,0.0,0.0,0.0,0.0,0.0,0.0,0.0,0.0,0.0,0.0,0.0,0.0,0.0,0.0,0.0,0.0,0.0,0.0,0.0,0.0,0.0,0.0,0.0,0.0,0.0,0.0,0.0,0.0,0.0,0.0,0.0,0.0,0.0,0.0,0.0,0.0,0.0,0.0,0.0,0.0,0.0,0.0,0.0,0.0,0.0,0.0,11691.0,3914.0,0.0,0.0,0.0,0.0,0.0,0.0,0.0,0.0,0.0,0.0,0.0,832.0,0.0,561.0,12875.0,5894.0,5740.0,0.0,9607578.0,26121.0,1719854.0,9941211.0,711368.0,5441350.0,16104165.0,558406.0,269070.0,1454881.0,4306249.0,275275.0,2055355.0,6422636.0,5846486.0,394347.0,4089238.0,9937260.0,1548287.0,244374.0,576274.0,1760603.0,6943746.0,3120126.0,6278.0,95970.0,38192.0,9197.0,41531.0,25939.0,884129.0,0.0,0.0,0.0,0.0,56870425.0,2093222.0,459269.0,2681442.0,24117812.0,0.0,0.0,0.0,0.0,0.0,0.0,0.0,0.0,0.0,0.0,0.0,0.0,0.0,16.0,0.0,0.0,0.0,0.0,0.0,0.0,0.0,0.0,0.0,645.0,70262.0,0.0,3665.0,6513.0,0.0,0.0,0.0,0.0
115,0.0,0.0,0.0,0.0,0.0,0.0,0.0,0.0,0.0,0.0,0.0,0.0,0.0,0.0,0.0,0.0,0.0,0.0,0.0,0.0,0.0,0.0,0.0,0.0,0.0,0.0,0.0,0.0,0.0,0.0,0.0,0.0,0.0,0.0,0.0,0.0,0.0,0.0,0.0,625.0,6174.0,0.0,0.0,0.0,3006.0,675248.0,7703.0,0.0,0.0,0.0,0.0,0.0,0.0,0.0,0.0,0.0,0.0,0.0,0.0,0.0,0.0,0.0,0.0,0.0,0.0,0.0,0.0,0.0,0.0,0.0,0.0,0.0,0.0,0.0,0.0,0.0,0.0,0.0,0.0,0.0,0.0,0.0,0.0,0.0,0.0,0.0,0.0,0.0,0.0,0.0,0.0,0.0,8579.0,6961.0,0.0,0.0,0.0,0.0,0.0,0.0,0.0,0.0,0.0,0.0,0.0,0.0,2490.0,0.0,834.0,12262.0,2077.0,1926.0,0.0,724180.0,30289.0,35589.0,4785326.0,139336.0,2177.0,4839773.0,1100525.0,133054.0,21414.0,3378133.0,2230418.0,2947440.0,25386.0,738236.0,75298.0,542626.0,325169.0,119430.0,8362.0,490169.0,743575.0,4042752.0,773706.0,15670382.0,601127.0,230073.0,1850.0,1463377.0,62686.0,1168980.0,0.0,0.0,0.0,0.0,30616692.0,826642.0,69401.0,340028.0,23702983.0,0.0,0.0,0.0,0.0,0.0,0.0,0.0,0.0,0.0,0.0,0.0,0.0,0.0,0.0,0.0,0.0,0.0,0.0,0.0,0.0,0.0,0.0,0.0,0.0,0.0,11.0,0.0,0.0,0.0,0.0,0.0,0.0
116,0.0,0.0,0.0,0.0,0.0,0.0,0.0,0.0,0.0,0.0,0.0,0.0,0.0,0.0,0.0,0.0,0.0,0.0,0.0,0.0,0.0,0.0,0.0,0.0,0.0,0.0,0.0,0.0,0.0,0.0,0.0,0.0,0.0,0.0,0.0,0.0,0.0,0.0,0.0,0.0,0.0,0.0,0.0,0.0,0.0,0.0,0.0,0.0,0.0,0.0,0.0,0.0,0.0,0.0,0.0,0.0,0.0,0.0,0.0,0.0,0.0,0.0,0.0,0.0,0.0,0.0,0.0,0.0,0.0,0.0,0.0,0.0,0.0,0.0,0.0,0.0,0.0,0.0,0.0,0.0,0.0,0.0,0.0,0.0,0.0,0.0,0.0,0.0,0.0,0.0,0.0,0.0,0.0,1589.0,0.0,0.0,0.0,0.0,0.0,0.0,0.0,0.0,0.0,0.0,0.0,0.0,0.0,0.0,0.0,0.0,0.0,772.0,0.0,1032206.0,1629.0,43657.0,1435176.0,0.0,232260.0,1682173.0,0.0,0.0,0.0,0.0,0.0,479.0,0.0,3441.0,0.0,59221.0,164506.0,0.0,0.0,0.0,0.0,3737.0,9.0,0.0,0.0,0.0,0.0,0.0,0.0,203780.0,0.0,0.0,0.0,0.0,6750310.0,105909.0,9110.0,76264.0,2674631.0,0.0,0.0,0.0,0.0,0.0,0.0,0.0,0.0,0.0,0.0,0.0,0.0,0.0,0.0,0.0,0.0,0.0,0.0,0.0,0.0,0.0,0.0,0.0,0.0,0.0,0.0,0.0,0.0,0.0,0.0,0.0,0.0
117,0.0,0.0,0.0,0.0,0.0,0.0,0.0,0.0,0.0,0.0,0.0,0.0,0.0,0.0,0.0,0.0,0.0,0.0,0.0,0.0,0.0,0.0,0.0,0.0,0.0,0.0,0.0,28609.0,0.0,0.0,0.0,0.0,0.0,0.0,0.0,0.0,0.0,0.0,0.0,0.0,0.0,0.0,68454.0,0.0,0.0,26602.0,0.0,0.0,0.0,0.0,0.0,0.0,0.0,0.0,0.0,0.0,0.0,0.0,0.0,0.0,0.0,0.0,0.0,0.0,48.0,54.0,0.0,0.0,0.0,0.0,4352.0,0.0,0.0,0.0,0.0,0.0,0.0,0.0,0.0,0.0,0.0,0.0,0.0,0.0,0.0,2359.0,1854.0,32075.0,1470.0,0.0,0.0,171.0,0.0,6725.0,0.0,0.0,0.0,0.0,0.0,0.0,0.0,0.0,0.0,0.0,0.0,0.0,0.0,0.0,0.0,812.0,0.0,3212.0,0.0,0.0,234.0,2925.0,3962166.0,0.0,0.0,77643.0,402962.0,116365.0,346163.0,1024597.0,756582.0,553651.0,2183664.0,933559.0,0.0,591435.0,0.0,0.0,0.0,7288.0,10580.0,0.0,33130.0,0.0,0.0,0.0,0.0,0.0,0.0,213460.0,0.0,0.0,118987.0,149272.0,28804368.0,5974044.0,481585.0,1865743.0,33706388.0,0.0,0.0,0.0,0.0,0.0,0.0,0.0,0.0,0.0,0.0,0.0,0.0,0.0,0.0,0.0,0.0,0.0,0.0,0.0,0.0,0.0,58346.0,128.0,27497.0,91.0,0.0,0.0,0.0,0.0,0.0,0.0,0.0
118,0.0,0.0,0.0,0.0,0.0,0.0,0.0,0.0,0.0,0.0,0.0,0.0,0.0,0.0,0.0,0.0,0.0,0.0,0.0,0.0,0.0,0.0,0.0,0.0,0.0,0.0,0.0,0.0,0.0,0.0,0.0,0.0,0.0,0.0,0.0,0.0,0.0,0.0,0.0,0.0,0.0,0.0,0.0,0.0,0.0,0.0,0.0,0.0,0.0,0.0,0.0,0.0,0.0,0.0,0.0,0.0,0.0,0.0,0.0,0.0,0.0,0.0,0.0,0.0,0.0,0.0,0.0,0.0,0.0,0.0,0.0,0.0,0.0,0.0,0.0,0.0,0.0,0.0,0.0,0.0,0.0,0.0,0.0,0.0,0.0,0.0,0.0,0.0,0.0,0.0,0.0,0.0,0.0,0.0,0.0,0.0,0.0,0.0,0.0,0.0,0.0,0.0,0.0,0.0,0.0,0.0,0.0,0.0,0.0,0.0,0.0,0.0,0.0,0.0,0.0,0.0,0.0,430290.0,0.0,0.0,0.0,0.0,0.0,0.0,0.0,0.0,0.0,0.0,0.0,0.0,0.0,0.0,0.0,0.0,493263.0,0.0,0.0,0.0,0.0,0.0,0.0,0.0,0.0,120461.0,0.0,0.0,0.0,0.0,7104546.0,4459.0,12675.0,19400.0,1345181.0,0.0,0.0,0.0,0.0,0.0,0.0,0.0,0.0,0.0,0.0,0.0,0.0,0.0,0.0,0.0,0.0,0.0,0.0,0.0,0.0,0.0,23647.0,0.0,11.0,0.0,0.0,0.0,0.0,0.0,0.0,0.0,0.0
119,74372.0,29132.0,3668.0,41607.0,1473.0,14206.0,8999.0,5487.0,8.0,71616.0,7407.0,11541.0,29974.0,156.0,41005.0,179280.0,20514.0,164464.0,52054.0,1938.0,6095.0,7989.0,49794.0,118468.0,842.0,9803.0,1387.0,57635.0,3160.0,291471.0,34306.0,9394.0,127584.0,14284.0,2249.0,2059.0,0.0,0.0,0.0,289.0,11881.0,567.0,27343.0,544.0,75853.0,425441.0,18552.0,4643480.0,486589.0,712.0,35975.0,81376.0,566.0,357.0,236.0,3967.0,120.0,83.0,467.0,1266.0,1071.0,0.0,12.0,741.0,33037.0,57.0,0.0,0.0,0.0,517.0,5675.0,0.0,0.0,569.0,897.0,0.0,2.0,65.0,3951.0,331.0,23.0,1443.0,12.0,102.0,815.0,231662.0,11278.0,8567.0,1947.0,575.0,638.0,934.0,428.0,8359.0,0.0,274.0,957.0,197.0,0.0,0.0,0.0,0.0,1690.0,62.0,0.0,0.0,1951.0,537.0,131.0,178318.0,769.0,805.0,3425.0,7895.0,0.0,0.0,955.0,0.0,1873534.0,11421.0,29867.0,3337.0,0.0,0.0,0.0,113.0,40.0,415.0,10161.0,19096.0,10662.0,2686.0,783.0,3869.0,1473.0,1474.0,226.0,2732.0,31.0,14478.0,12934.0,185.0,410.0,2998.0,294501.0,0.0,182621.0,10208.0,1782539.0,214965.0,201139.0,417435.0,750024.0,124063.0,317591.0,363335.0,7509.0,589222.0,249254.0,0.0,272237.0,213745.0,63467.0,125.0,2872.0,3695.0,105505.0,4594.0,1749.0,525404.0,0.0,0.0,20432.0,746043.0,36497.0,837002.0,237280.0,21574.0,131701.0,2283.0,81609.0,56658.0,1914.0,9341.0,421945.0
120,112.0,4828.0,1954.0,5256.0,466.0,1193.0,792.0,1284.0,8.0,54448.0,1920.0,286.0,604.0,8.0,7047.0,111258.0,278.0,7908.0,918.0,877.0,807.0,659.0,838.0,1130.0,267.0,1290.0,358.0,33468.0,704.0,2127.0,23166.0,5382.0,88984.0,7953.0,1436.0,845.0,71290.0,38673.0,3350.0,88.0,5941.0,314.0,1732.0,1318.0,988.0,154990.0,278.0,4574426.0,101430.0,465.0,21806.0,85759.0,5289.0,350.0,9351.0,25961.0,195.0,5844.0,2325.0,141116.0,1818.0,1166.0,14.0,6072.0,53.0,143.0,0.0,4856.0,0.0,1244.0,71645.0,647.0,1298.0,4370.0,1924.0,100.0,274029.0,61937.0,20332.0,17532.0,24074.0,186255.0,2196.0,6002.0,37469.0,94069.0,206782.0,60259.0,38568.0,8760.0,10721.0,15937.0,8720.0,29185.0,6641.0,75713.0,25162.0,45488.0,5167.0,6737.0,685.0,15277.0,25210.0,17241.0,0.0,0.0,59803.0,72513.0,15243.0,26224.0,21379.0,17408.0,16286.0,153946.0,111592.0,4139.0,103022.0,167145.0,875028.0,3097632.0,14580.0,776183.0,8688.0,18716.0,0.0,94573.0,1571452.0,1260960.0,272173.0,1621853.0,4407085.0,1022139.0,152534.0,4579.0,627989.0,2337864.0,1283322.0,10245.0,25225.0,291441.0,165074.0,1204226.0,38914.0,1324945.0,38857.0,0.0,174308.0,10349.0,20993651.0,1489254.0,307810.0,449933.0,11270215.0,488140.0,1051255.0,9366339.0,291363.0,1601466.0,2309962.0,654999.0,1927174.0,1099156.0,301453.0,18411.0,197250.0,77625.0,446.0,701110.0,15060.0,2648113.0,216758.0,12.0,13853.0,113267.0,1817388.0,522148.0,416173.0,126815.0,214948.0,1576.0,145500.0,304194.0,58363.0,92197.0,538096.0
121,0.0,0.0,0.0,0.0,0.0,0.0,0.0,0.0,0.0,0.0,0.0,0.0,0.0,0.0,0.0,0.0,0.0,0.0,0.0,0.0,0.0,0.0,0.0,0.0,0.0,0.0,0.0,0.0,0.0,0.0,0.0,0.0,0.0,0.0,0.0,0.0,251858.0,800.0,746.0,181.0,1464.0,384.0,2863.0,336.0,329.0,4899.0,168.0,750637.0,74729.0,1546.0,306475.0,36801.0,0.0,0.0,0.0,0.0,0.0,509.0,0.0,3938.0,52.0,36.0,7.0,0.0,179.0,0.0,0.0,0.0,479.0,0.0,435.0,0.0,0.0,180.0,65.0,14.0,246.0,157.0,37.0,53.0,45.0,1339.0,4778.0,192.0,95.0,766.0,2785.0,1134.0,421.0,71.0,59.0,63.0,1311.0,5160.0,5486.0,321.0,69.0,139.0,81.0,68.0,4.0,115.0,24049.0,106.0,53829.0,39.0,41.0,551.0,3289.0,4312.0,164.0,3039.0,323066.0,243267.0,0.0,4459.0,375044.0,10465.0,208500.0,182937.0,44204684.0,3590540.0,0.0,0.0,191772.0,13192.0,2752959.0,312181.0,594914.0,1283495.0,2470348.0,713.0,92220.0,130247.0,10119.0,629152.0,12210.0,60.0,302.0,2075.0,171601.0,149069.0,236530.0,311233.0,2364673.0,0.0,173.0,1077.0,24416779.0,15884834.0,42041.0,78140.0,27707.0,4193.0,1845401.0,219553.0,195.0,21318.0,4350.0,9.0,4566.0,17088.0,85.0,115.0,3888.0,1272.0,732648.0,4141947.0,2159753.0,19154.0,473.0,11.0,342.0,19297.0,2377589.0,541671.0,1119243.0,150086.0,668680.0,9650.0,4453269.0,972763.0,7330.0,3089864.0,2669.0
122,0.0,0.0,0.0,0.0,0.0,0.0,0.0,0.0,0.0,0.0,0.0,0.0,0.0,0.0,0.0,0.0,0.0,0.0,0.0,0.0,0.0,0.0,0.0,0.0,0.0,0.0,0.0,0.0,0.0,0.0,0.0,0.0,0.0,0.0,0.0,0.0,1133527.0,84609.0,172474.0,4400.0,19239.0,10878.0,85173.0,9412.0,6947.0,139968.0,3059.0,211854.0,0.0,523.0,137341.0,137886.0,0.0,0.0,100.0,608.0,0.0,0.0,0.0,21508.0,3866.0,1756.0,0.0,0.0,32888.0,0.0,0.0,0.0,0.0,0.0,592.0,0.0,0.0,1577.0,47899.0,4343.0,97991.0,59078.0,3013.0,1047.0,7424.0,1867.0,3008.0,6859.0,20799.0,520.0,0.0,0.0,263.0,104.0,12464.0,11715.0,751.0,1936.0,9807.0,164053.0,31091.0,64558.0,8067.0,14361.0,972.0,12615.0,35576.0,47455.0,62445.0,15654.0,4813.0,790.0,387.0,103972.0,10251.0,19971.0,2108.0,109783.0,699.0,8217.0,9127.0,0.0,15343.0,28406.0,435524.0,2951712.0,9893.0,0.0,0.0,5270.0,59701.0,40865.0,3582.0,348684.0,1213744.0,90395.0,69730.0,106941.0,145076.0,651593.0,188.0,92880.0,4350.0,2814.0,8722.0,15986.0,5280.0,49114.0,674207.0,335441.0,37225.0,7655.0,5649820.0,20713.0,14417.0,82289.0,147358.0,400700.0,358564.0,387276.0,399.0,654882.0,372117.0,576.0,353477.0,569123.0,15876.0,0.0,0.0,124486.0,18546.0,90824.0,6319.0,1772.0,0.0,0.0,0.0,0.0,5977217.0,185301.0,7409.0,312357.0,36888.0,39.0,2349791.0,762373.0,29223.0,100154.0,55820.0
123,0.0,0.0,0.0,0.0,0.0,0.0,0.0,0.0,0.0,0.0,0.0,0.0,0.0,0.0,0.0,0.0,0.0,0.0,0.0,0.0,0.0,0.0,0.0,0.0,0.0,0.0,0.0,0.0,0.0,0.0,0.0,0.0,214713.0,0.0,0.0,0.0,52215.0,5786.0,69059.0,42.0,2309.0,277.0,39558.0,959.0,1140.0,17053.0,78.0,35117.0,0.0,0.0,40007.0,34757.0,0.0,0.0,0.0,0.0,0.0,15629.0,0.0,14152.0,629.0,300.0,0.0,0.0,3647.0,0.0,0.0,0.0,0.0,0.0,97.0,0.0,0.0,604.0,3154.0,179.0,0.0,0.0,0.0,0.0,0.0,0.0,0.0,0.0,0.0,0.0,0.0,0.0,0.0,0.0,5971.0,4848.0,0.0,0.0,270727.0,55.0,0.0,0.0,0.0,0.0,0.0,0.0,0.0,45.0,0.0,0.0,0.0,0.0,0.0,118.0,0.0,93.0,0.0,25.0,5.0,63.0,865117.0,22185.0,388891.0,193536.0,1366258.0,124687.0,3205903.0,849437.0,0.0,257259.0,3329933.0,8076584.0,0.0,1122492.0,813143.0,63127.0,178512.0,17734.0,6135.0,0.0,9.0,0.0,186.0,185.0,4912.0,0.0,6633.0,33967.0,180227.0,0.0,9601.0,6411.0,1687452.0,4186.0,3388.0,11300.0,22960.0,7060.0,15473.0,352384.0,0.0,0.0,0.0,0.0,0.0,784.0,1408.0,0.0,0.0,3562.0,65733.0,7657.0,801.0,0.0,0.0,0.0,0.0,0.0,96049.0,98252.0,0.0,0.0,0.0,0.0,507541.0,84388.0,25538.0,60674.0,0.0
124,0.0,0.0,0.0,0.0,0.0,0.0,0.0,0.0,0.0,0.0,0.0,0.0,0.0,0.0,0.0,0.0,0.0,0.0,0.0,0.0,0.0,0.0,0.0,0.0,0.0,0.0,0.0,0.0,0.0,0.0,0.0,0.0,18346.0,0.0,0.0,0.0,3332358.0,65150.0,561134.0,416.0,102232.0,3004.0,151271.0,9263.0,15053.0,75715.0,120.0,772433.0,88909.0,888.0,191501.0,158741.0,0.0,120.0,0.0,0.0,0.0,3101.0,0.0,33890.0,1727.0,1098.0,0.0,0.0,1490.0,0.0,0.0,0.0,0.0,0.0,1065.0,0.0,0.0,2565.0,33691.0,633.0,278611.0,70175.0,7644.0,15372.0,14336.0,156070.0,4754.0,1832.0,23940.0,2926.0,0.0,0.0,2756.0,8105.0,133132.0,112743.0,51067.0,5168.0,5252.0,71229.0,27750.0,51814.0,5193.0,11049.0,683.0,18560.0,19052.0,12910.0,14115.0,160.0,1723.0,3652.0,409.0,14627.0,18195.0,16034.0,4405.0,52680.0,137969.0,7427.0,3792.0,0.0,56609.0,88538.0,2413824.0,236451.0,553756.0,10115664.0,657101.0,17750.0,758.0,1947806.0,8206.0,16518.0,5596433.0,0.0,0.0,0.0,4224.0,75.0,59.0,13329.0,16550.0,6431.0,7859.0,104891.0,8420.0,114370.0,847465.0,0.0,47827.0,10078.0,13532573.0,7324131.0,31238.0,293657.0,5753732.0,70257.0,85736.0,1355254.0,150.0,322118.0,0.0,0.0,0.0,19565.0,0.0,0.0,0.0,0.0,0.0,600824.0,9688.0,0.0,0.0,0.0,0.0,0.0,165129.0,337553.0,94992.0,3944.0,8074.0,15.0,595654.0,208508.0,51884.0,42822.0,179796.0
125,163.0,5.0,17.0,2.0,2.0,155.0,75.0,40.0,8.0,2847.0,9529.0,612.0,36140.0,163.0,352.0,1029.0,223.0,688.0,34.0,1670.0,32.0,1302.0,215.0,471.0,30.0,137.0,81.0,235.0,901.0,19157.0,10915.0,3350.0,197127.0,679.0,62.0,291.0,2124841.0,44453.0,334009.0,407.0,17543.0,10769.0,81790.0,8919.0,12427.0,33619.0,95.0,622582.0,10369.0,511.0,21253.0,78267.0,731.0,6.0,847.0,2817.0,3191.0,6040.0,40.0,5787.0,262.0,169.0,19.0,60.0,93.0,9566.0,103.0,47.0,134.0,11439.0,23162.0,294.0,187.0,2043.0,38331.0,1323.0,149446.0,86764.0,10844.0,11765.0,11103.0,71744.0,1328.0,492.0,8521.0,4297.0,962.0,1048.0,3267.0,0.0,160310.0,130279.0,133921.0,15111.0,2705.0,45027.0,25674.0,49848.0,8585.0,12135.0,591.0,14284.0,19785.0,22226.0,18407.0,183.0,2457.0,3744.0,863.0,21396.0,10691.0,14017.0,40254.0,41268.0,65498.0,2141.0,14470.0,36.0,21280.0,333342.0,2887812.0,554481.0,9600.0,4383.0,1456615.0,48620.0,1678.0,2403700.0,117094.0,760285.0,9694815.0,677586.0,8004.0,6549.0,497938.0,5401330.0,717.0,12388.0,15574.0,6210.0,12707.0,101373.0,5715.0,614120.0,4328.0,0.0,51975.0,26994.0,3254039.0,133286.0,12013.0,70337.0,196691.0,207036.0,709627.0,713575.0,253.0,8215622.0,1142281.0,550426.0,683681.0,1100200.0,87611.0,24778.0,23215.0,34438.0,204539.0,85624.0,9686.0,9224.0,0.0,0.0,1681.0,38177.0,423151.0,306856.0,63778.0,39570.0,42454.0,928.0,548178.0,302408.0,34893.0,203872.0,40305.0
126,64.0,13.0,3.0,6.0,4.0,13.0,4.0,5.0,5.0,464.0,50.0,171.0,318.0,237.0,123.0,517.0,88.0,275.0,2.0,59.0,2.0,379.0,71.0,117.0,57.0,61.0,27.0,131.0,433.0,2821.0,519.0,128.0,74441.0,149.0,69.0,63.0,385388.0,24679.0,49053.0,682.0,3122.0,1478.0,10590.0,1324.0,919.0,17249.0,373.0,76142.0,123.0,106.0,4880.0,12244.0,118.0,11.0,171.0,716.0,2076.0,5526.0,70.0,9653.0,284.0,202.0,13.0,94.0,17282.0,2718.0,2892.0,2135.0,523.0,6908.0,60531.0,1372.0,26.0,378.0,14704.0,1165.0,23120.0,13481.0,1991.0,2295.0,1933.0,26592.0,1283.0,408.0,1717.0,1045.0,1997.0,709.0,832.0,710.0,3083.0,2716.0,13488.0,30346.0,1539.0,25588.0,7421.0,14516.0,858.0,3364.0,212.0,5560.0,8511.0,4415.0,24870.0,3637.0,1545.0,490.0,170.0,8818.0,5113.0,4037.0,13.0,30851.0,20092.0,1076.0,2776.0,25994.0,45369.0,67226.0,1676067.0,294070.0,6480.0,1320439.0,369097.0,1585397.0,583871.0,557092.0,8867.0,194059.0,124949.0,47258.0,6494.0,780.0,16762.0,483750.0,1511.0,2468.0,920.0,514.0,2717.0,27948.0,5559.0,13238.0,663637.0,0.0,8206.0,11879.0,3793086.0,2063366.0,7456.0,25386.0,52693.0,120029.0,97821.0,536325.0,6107.0,443871.0,113653.0,66197.0,198992.0,307888.0,53158.0,5890.0,5668.0,17210.0,156064.0,369474.0,834114.0,4653.0,10619.0,4.0,360.0,279818.0,275642.0,72166.0,1253364.0,275931.0,532477.0,27380.0,335656.0,103422.0,6895.0,14109.0,37580.0
127,0.0,0.0,0.0,0.0,0.0,0.0,0.0,0.0,0.0,0.0,0.0,0.0,0.0,0.0,0.0,0.0,0.0,0.0,0.0,0.0,0.0,0.0,0.0,0.0,0.0,0.0,0.0,0.0,0.0,0.0,0.0,0.0,551.0,0.0,0.0,0.0,27614.0,716.0,5854.0,6.0,269.0,40.0,1167.0,127.0,158.0,904.0,97.0,54167.0,17741.0,146.0,614.0,1069.0,0.0,0.0,12.0,47.0,0.0,1363.0,0.0,1527.0,58.0,34.0,0.0,0.0,103.0,0.0,0.0,0.0,0.0,0.0,1044.0,0.0,0.0,31.0,419.0,48.0,2201.0,1287.0,163.0,171.0,172.0,358.0,1848.0,117.0,452.0,139.0,0.0,623.0,156.0,146.0,172.0,173.0,0.0,45.0,61037.0,1729.0,500.0,978.0,59.0,412.0,33.0,328.0,2442.0,228.0,5684.0,237.0,177.0,28.0,81.0,2302.0,108.0,359.0,70350.0,240.0,1454.0,32.0,1870.0,0.0,5210.0,17304.0,21213.0,32228.0,0.0,0.0,0.0,707.0,714817.0,2397.0,544.0,280.0,122278.0,4933.0,10071.0,3028.0,3280.0,0.0,27.0,241.0,134.0,214.0,760.0,1923.0,174.0,3104.0,557.0,0.0,931.0,5812.0,11230.0,44944.0,159.0,1442.0,4389.0,347348.0,1556519.0,1148286.0,19.0,53741.0,12768.0,0.0,21293.0,16695.0,4104.0,1134.0,4934.0,18.0,3849.0,9244.0,236.0,31977.0,0.0,0.0,20.0,8743.0,249821.0,209100.0,571880.0,67562.0,257177.0,2598.0,427657.0,85965.0,244.0,5908.0,2862.0
128,0.0,0.0,0.0,0.0,0.0,0.0,0.0,0.0,0.0,0.0,0.0,0.0,0.0,0.0,0.0,0.0,0.0,0.0,0.0,0.0,0.0,0.0,0.0,0.0,0.0,0.0,0.0,0.0,0.0,300.0,0.0,0.0,199989.0,0.0,0.0,0.0,7439666.0,2162224.0,3106077.0,4742.0,557502.0,48081.0,1088242.0,217294.0,104278.0,1578290.0,28520.0,12602612.0,344192.0,33477.0,926880.0,1339594.0,0.0,0.0,0.0,0.0,126452.0,36381.0,0.0,476965.0,8033.0,2683.0,91.0,0.0,206.0,11640.0,0.0,609.0,5256.0,287270.0,127280.0,0.0,2056.0,349840.0,43717.0,4075.0,1107816.0,233727.0,43040.0,6219.0,64206.0,47102.0,117767.0,133135.0,698514.0,474495.0,272295.0,452929.0,236925.0,1243027.0,1479678.0,1741104.0,196654.0,24229.0,14587.0,204449.0,66398.0,120005.0,14454.0,2664.0,1217.0,38779.0,5043.0,120880.0,444840.0,36005.0,47118.0,80773.0,50194.0,46736.0,21118.0,40523.0,28548.0,748821.0,170389.0,17091.0,26234.0,0.0,447461.0,340711.0,14679.0,0.0,0.0,0.0,0.0,17420.0,1638396.0,3943778.0,1797269.0,22665230.0,4250571.0,6458.0,0.0,0.0,263.0,5422.0,493288.0,9399.0,32878.0,134602.0,299383.0,68990.0,1958423.0,292076.0,3001.0,81.0,948131.0,107565.0,19625272.0,12698476.0,766849.0,3966594.0,32696118.0,113215.0,167806.0,742991.0,0.0,0.0,0.0,0.0,0.0,33263.0,0.0,862.0,3379.0,0.0,0.0,0.0,0.0,124.0,0.0,0.0,0.0,17050.0,3369050.0,1667130.0,122828.0,213.0,370613.0,13.0,256997.0,72782.0,70975.0,392196.0,147099.0
129,0.0,0.0,0.0,0.0,0.0,0.0,0.0,0.0,0.0,787.0,2.0,94.0,192.0,0.0,39.0,767.0,156.0,16.0,10.0,10.0,7.0,37.0,9.0,24.0,3.0,44.0,4.0,26.0,12.0,289.0,3052.0,2756.0,1497.0,543.0,37.0,114.0,457536.0,444.0,3500.0,19.0,240.0,21.0,797.0,114.0,667.0,1724.0,72.0,130157.0,83400.0,657.0,134672.0,11940.0,0.0,0.0,0.0,0.0,175.0,1595.0,55.0,1164.0,327.0,69.0,10.0,0.0,4118.0,0.0,0.0,258.0,0.0,1261.0,825.0,0.0,19.0,714.0,2285.0,75.0,2157.0,876.0,521.0,634.0,172.0,228.0,1651.0,74.0,241.0,903.0,4409.0,1856.0,529.0,2479.0,3489.0,3700.0,246.0,3451.0,353612.0,1620.0,592.0,478.0,120.0,24.0,12.0,470.0,2953.0,70.0,5459.0,69.0,299.0,228.0,41.0,276.0,3306.0,86.0,344.0,3482.0,3057.0,107.0,288.0,0.0,123438.0,376830.0,65434.0,80020.0,0.0,0.0,0.0,1620.0,94509.0,34824.0,988.0,1171.0,311828.0,4146.0,7845.0,2056.0,68335.0,269040.0,2138.0,77.0,45.0,86.0,129.0,765.0,188.0,51890.0,751.0,62.0,414.0,104.0,4457.0,246.0,64.0,593.0,1758.0,252106.0,201263.0,196882.0,119.0,28727.0,8782.0,5210.0,13052.0,19240.0,5374.0,175.0,1478.0,14681.0,130.0,86927.0,10149.0,25792.0,103409.0,9.0,32.0,4544.0,3314261.0,481571.0,0.0,0.0,0.0,0.0,699964.0,91318.0,1213.0,509.0,994.0
130,104115.0,49775.0,19687.0,115714.0,4.0,48772.0,7457.0,24110.0,9.0,386364.0,616.0,6507.0,2473.0,4585.0,105191.0,23543.0,49577.0,329081.0,107359.0,11590.0,19125.0,16873.0,121889.0,177861.0,1690.0,8535.0,44.0,15853.0,704.0,147544.0,819100.0,349031.0,302138.0,35412.0,2988.0,7704.0,1689338.0,44120.0,369553.0,2320.0,20082.0,4313.0,430472.0,44407.0,52931.0,1853063.0,20200.0,9297495.0,425553.0,28861.0,227478.0,1158183.0,0.0,0.0,0.0,0.0,2536.0,3119.0,7245.0,44617.0,12959.0,1013.0,24.0,0.0,295082.0,0.0,0.0,207.0,1887.0,99229.0,1148.0,0.0,1083.0,13853.0,57735.0,6532.0,605195.0,31228.0,47721.0,65614.0,54614.0,219347.0,1860.0,2222.0,31806.0,144203.0,639763.0,224075.0,46903.0,337965.0,645353.0,737965.0,209045.0,13425.0,221906.0,165696.0,77148.0,192358.0,13716.0,524821.0,9950.0,46976.0,80273.0,8933.0,13485.0,8911.0,75536.0,80659.0,22171.0,416184.0,23535.0,26485.0,35126.0,554463.0,164422.0,34135.0,17976.0,0.0,89223.0,216412.0,3197.0,67039.0,0.0,0.0,0.0,7908.0,171.0,1018068.0,66.0,532063.0,213549.0,581934.0,156134.0,110211.0,489729.0,3202240.0,5937.0,14706.0,21716.0,143287.0,97171.0,81556.0,17659.0,1032713.0,983.0,0.0,37303.0,112596.0,67271.0,37083.0,5949.0,59309.0,178819.0,614643.0,123957.0,1780222.0,0.0,0.0,0.0,0.0,116448.0,51633.0,2120.0,3295.0,22468.0,325095.0,0.0,7816.0,1613.0,0.0,0.0,0.0,0.0,6138.0,2712587.0,590145.0,0.0,0.0,0.0,0.0,14707.0,111244.0,2067.0,2279.0,5976.0
131,33259.0,10099.0,384.0,394.0,637.0,8275.0,5032.0,2539.0,6.0,128109.0,7478.0,48090.0,134895.0,956.0,46211.0,336541.0,20700.0,61759.0,40332.0,3910.0,7659.0,4604.0,41063.0,71324.0,562.0,9766.0,143.0,12200.0,1772.0,81679.0,655565.0,117119.0,467201.0,111392.0,25184.0,6282.0,2939224.0,90385.0,908378.0,3461.0,24590.0,4253.0,146672.0,21275.0,25196.0,675125.0,1363.0,3552156.0,413935.0,17671.0,323470.0,341541.0,7167.0,493.0,1767.0,6226.0,15754.0,37119.0,4650.0,25210.0,3520.0,778.0,60.0,0.0,28048.0,0.0,0.0,8.0,7395.0,33655.0,2295.0,12294.0,694.0,21117.0,360001.0,23156.0,284047.0,56727.0,19347.0,14488.0,18129.0,63896.0,11827.0,8184.0,51501.0,103479.0,239997.0,133873.0,49582.0,189981.0,234649.0,346041.0,114161.0,100602.0,85694.0,117630.0,67638.0,120380.0,13315.0,32527.0,2133.0,37380.0,60090.0,42629.0,525514.0,17312.0,19565.0,24348.0,4805.0,67473.0,43901.0,51408.0,66030.0,257844.0,91261.0,9916.0,153615.0,15845.0,77686.0,371787.0,47062.0,2246.0,5382.0,15932.0,10232.0,233658.0,29518.0,1762875.0,18329.0,178794.0,85725875.0,51119.0,6897.0,2469.0,94036.0,1071619.0,60439.0,0.0,6626.0,770.0,159.0,351.0,13895.0,1511638.0,121036.0,22.0,62507.0,28264.0,148600.0,374889.0,14133.0,756721.0,8930377.0,1269147.0,1688351.0,10008761.0,371.0,17553736.0,214582.0,134445.0,978860.0,736779.0,245502.0,27405.0,132435.0,61881.0,52860.0,113785.0,22071.0,1554546.0,291340.0,65.0,73111.0,3070496.0,2531676.0,4939287.0,1997570.0,6660.0,18328.0,710.0,537936.0,577641.0,369748.0,39521.0,48739.0
132,0.0,0.0,0.0,0.0,0.0,0.0,0.0,0.0,0.0,0.0,0.0,0.0,0.0,0.0,0.0,0.0,0.0,0.0,0.0,0.0,0.0,0.0,0.0,0.0,0.0,0.0,0.0,0.0,0.0,286.0,0.0,0.0,71488.0,21852.0,6535.0,2293.0,35208.0,4488.0,10271.0,159.0,83.0,83.0,737.0,108.0,105.0,7512.0,115.0,0.0,0.0,0.0,0.0,0.0,0.0,0.0,0.0,0.0,0.0,0.0,0.0,0.0,0.0,0.0,0.0,0.0,0.0,0.0,0.0,0.0,0.0,0.0,0.0,0.0,0.0,0.0,0.0,0.0,0.0,0.0,0.0,0.0,0.0,0.0,0.0,0.0,0.0,0.0,0.0,0.0,0.0,0.0,0.0,0.0,0.0,0.0,0.0,0.0,0.0,0.0,0.0,0.0,0.0,0.0,0.0,0.0,0.0,0.0,0.0,0.0,0.0,0.0,0.0,0.0,0.0,0.0,0.0,0.0,0.0,0.0,0.0,0.0,0.0,0.0,0.0,0.0,0.0,0.0,0.0,0.0,0.0,0.0,0.0,7331485.0,0.0,0.0,0.0,0.0,0.0,0.0,0.0,0.0,0.0,0.0,0.0,0.0,1987.0,0.0,0.0,0.0,0.0,0.0,0.0,0.0,0.0,0.0,0.0,18938.0,0.0,0.0,5103423.0,2328779.0,0.0,0.0,0.0,102.0,220.0,0.0,0.0,0.0,0.0,0.0,0.0,0.0,0.0,0.0,0.0,0.0,0.0,0.0,0.0,0.0,0.0,0.0,0.0,0.0,0.0
133,0.0,0.0,0.0,0.0,0.0,0.0,0.0,0.0,0.0,0.0,0.0,0.0,0.0,0.0,0.0,0.0,0.0,0.0,0.0,0.0,0.0,0.0,0.0,0.0,0.0,0.0,0.0,0.0,0.0,0.0,0.0,0.0,0.0,0.0,0.0,0.0,55962.0,0.0,0.0,0.0,0.0,0.0,0.0,0.0,0.0,0.0,0.0,0.0,0.0,0.0,0.0,0.0,0.0,0.0,0.0,0.0,0.0,0.0,0.0,0.0,0.0,0.0,0.0,0.0,0.0,0.0,0.0,0.0,0.0,0.0,0.0,0.0,0.0,0.0,0.0,0.0,0.0,0.0,0.0,0.0,0.0,0.0,0.0,0.0,0.0,0.0,0.0,0.0,0.0,0.0,0.0,0.0,0.0,0.0,0.0,0.0,0.0,0.0,0.0,0.0,0.0,0.0,0.0,0.0,0.0,0.0,0.0,0.0,0.0,0.0,0.0,0.0,0.0,0.0,0.0,0.0,0.0,0.0,0.0,0.0,0.0,0.0,0.0,0.0,0.0,0.0,0.0,0.0,0.0,0.0,0.0,0.0,435151.0,0.0,0.0,0.0,0.0,0.0,0.0,0.0,0.0,0.0,0.0,0.0,0.0,0.0,0.0,0.0,0.0,0.0,0.0,0.0,0.0,0.0,0.0,0.0,384430.0,0.0,0.0,0.0,0.0,0.0,0.0,0.0,0.0,0.0,0.0,0.0,0.0,0.0,0.0,0.0,0.0,0.0,0.0,0.0,0.0,0.0,0.0,0.0,0.0,0.0,0.0,0.0,0.0
134,0.0,0.0,0.0,0.0,0.0,0.0,0.0,0.0,0.0,0.0,0.0,0.0,0.0,0.0,0.0,0.0,0.0,0.0,0.0,0.0,0.0,0.0,0.0,0.0,0.0,0.0,0.0,0.0,0.0,0.0,0.0,0.0,0.0,0.0,0.0,0.0,0.0,0.0,0.0,0.0,0.0,0.0,0.0,0.0,0.0,0.0,0.0,0.0,0.0,0.0,0.0,0.0,0.0,0.0,0.0,0.0,0.0,0.0,0.0,0.0,0.0,0.0,0.0,0.0,0.0,0.0,0.0,0.0,0.0,0.0,0.0,0.0,0.0,0.0,0.0,0.0,0.0,0.0,0.0,0.0,0.0,0.0,0.0,0.0,0.0,0.0,0.0,0.0,0.0,0.0,0.0,0.0,0.0,0.0,0.0,0.0,0.0,0.0,0.0,0.0,0.0,0.0,0.0,0.0,0.0,0.0,0.0,0.0,0.0,0.0,0.0,0.0,0.0,0.0,0.0,0.0,0.0,0.0,0.0,0.0,0.0,0.0,0.0,0.0,0.0,0.0,0.0,0.0,0.0,0.0,0.0,0.0,0.0,1478758.0,0.0,0.0,0.0,0.0,0.0,0.0,0.0,0.0,0.0,0.0,0.0,0.0,0.0,0.0,0.0,0.0,0.0,0.0,0.0,0.0,0.0,0.0,0.0,0.0,0.0,0.0,4144610.0,0.0,0.0,0.0,0.0,0.0,0.0,0.0,0.0,0.0,0.0,0.0,0.0,0.0,0.0,0.0,0.0,0.0,0.0,0.0,0.0,0.0,0.0,0.0,0.0
135,0.0,0.0,0.0,0.0,0.0,0.0,0.0,0.0,0.0,0.0,0.0,0.0,0.0,0.0,0.0,0.0,0.0,0.0,0.0,0.0,0.0,0.0,0.0,0.0,0.0,0.0,0.0,0.0,0.0,0.0,0.0,0.0,0.0,0.0,0.0,0.0,0.0,0.0,0.0,0.0,0.0,0.0,10945.0,1162.0,2650.0,5244.0,138.0,115173.0,0.0,0.0,0.0,0.0,0.0,0.0,0.0,0.0,0.0,167.0,0.0,0.0,0.0,0.0,0.0,0.0,0.0,0.0,0.0,0.0,646.0,0.0,0.0,0.0,0.0,0.0,0.0,0.0,0.0,0.0,0.0,0.0,0.0,0.0,0.0,0.0,0.0,0.0,0.0,0.0,0.0,0.0,0.0,0.0,0.0,0.0,0.0,0.0,0.0,0.0,0.0,0.0,0.0,0.0,0.0,0.0,0.0,0.0,0.0,0.0,0.0,0.0,0.0,0.0,0.0,0.0,0.0,0.0,0.0,0.0,0.0,0.0,0.0,0.0,0.0,0.0,0.0,0.0,0.0,0.0,0.0,552.0,0.0,0.0,0.0,0.0,2370372.0,0.0,0.0,0.0,0.0,0.0,0.0,0.0,0.0,74071.0,0.0,0.0,0.0,0.0,0.0,0.0,0.0,0.0,0.0,0.0,0.0,0.0,0.0,0.0,0.0,0.0,0.0,0.0,0.0,0.0,0.0,0.0,0.0,0.0,0.0,0.0,0.0,0.0,0.0,0.0,0.0,0.0,0.0,0.0,0.0,0.0,0.0,0.0,134.0,264.0,0.0
136,9818.0,5475.0,178.0,1413.0,24.0,1217.0,598.0,393.0,5.0,1699.0,247.0,685.0,1436.0,17.0,2103.0,24149.0,554.0,25495.0,28012.0,68.0,2487.0,956.0,26723.0,275.0,32.0,4166.0,204.0,3389.0,492.0,30175.0,37496.0,1588.0,3033.0,737.0,35.0,198.0,533747.0,41518.0,189453.0,206.0,16250.0,1455.0,45103.0,4537.0,12608.0,85643.0,336.0,221840.0,78754.0,516.0,7949.0,35334.0,0.0,0.0,331.0,1255.0,23.0,10692.0,0.0,0.0,102.0,0.0,0.0,0.0,0.0,0.0,0.0,0.0,95.0,0.0,391.0,0.0,0.0,1863.0,555.0,0.0,101.0,53.0,11.0,9.0,12.0,94.0,5352.0,202.0,18.0,0.0,0.0,0.0,20.0,0.0,8.0,15.0,7214.0,336.0,18095.0,1722.0,0.0,0.0,0.0,0.0,0.0,40952.0,7125.0,0.0,326274.0,0.0,4128.0,351.0,12.0,228.0,13315.0,132.0,168.0,53.0,321.0,62.0,153.0,0.0,5779.0,9586.0,3668.0,2570.0,121.0,358.0,230.0,7946.0,664.0,43932.0,207.0,1887.0,73566.0,36174.0,5175.0,1037.0,18455.0,8422029.0,1073.0,6152.0,3396.0,6613.0,9502.0,68343.0,44972.0,62863.0,45786.0,799.0,22395.0,17325.0,73910.0,10140.0,5727.0,56214.0,167432.0,236021.0,23146.0,414167.0,382.0,49996.0,6070.0,4864.0,14076.0,18259.0,9022.0,9051.0,54680.0,24180.0,5261.0,5078.0,459.0,47324.0,21237.0,12.0,1416.0,10489.0,127855.0,68309.0,166680.0,0.0,0.0,0.0,213052.0,245299.0,1776.0,502.0,1150.0
137,0.0,0.0,0.0,0.0,0.0,0.0,0.0,0.0,0.0,0.0,0.0,0.0,0.0,0.0,0.0,0.0,0.0,0.0,0.0,0.0,0.0,0.0,0.0,0.0,0.0,0.0,12.0,1026.0,0.0,0.0,12.0,0.0,0.0,0.0,0.0,0.0,0.0,0.0,0.0,0.0,0.0,0.0,0.0,0.0,2.0,48.0,89.0,2661.0,0.0,11.0,0.0,0.0,0.0,0.0,23.0,0.0,0.0,2599.0,0.0,0.0,0.0,0.0,0.0,0.0,0.0,0.0,0.0,0.0,0.0,0.0,131.0,79501.0,140.0,1060.0,24.0,0.0,0.0,0.0,0.0,0.0,0.0,0.0,0.0,0.0,0.0,413596.0,619033.0,401026.0,182721.0,113404.0,119158.0,214534.0,0.0,1521.0,0.0,0.0,0.0,0.0,0.0,0.0,0.0,0.0,0.0,0.0,0.0,0.0,472.0,723.0,8.0,12930.0,0.0,32.0,0.0,2.0,4.0,59.0,5.0,5459.0,26419.0,4400.0,115825.0,5213.0,14048.0,41579.0,26331.0,22035.0,76748.0,6541.0,648.0,6128.0,48520.0,14278.0,0.0,0.0,0.0,0.0,2386812.0,1363.0,18052.0,19762.0,347.0,696.0,2319.0,9415.0,34.0,0.0,5116.0,29318.0,286272.0,2411.0,2727.0,12516.0,7217.0,5855.0,0.0,0.0,0.0,0.0,0.0,0.0,0.0,15958.0,2089.0,1126.0,4597.0,4581.0,0.0,0.0,0.0,513186.0,540977.0,52.0,92170.0,194967.0,911662.0,963567.0,0.0,0.0,0.0,0.0,1054404.0,404281.0,129605.0,132287.0,138546.0
138,0.0,0.0,0.0,0.0,0.0,0.0,0.0,0.0,0.0,0.0,0.0,0.0,0.0,0.0,0.0,0.0,0.0,0.0,0.0,0.0,0.0,0.0,0.0,0.0,0.0,0.0,0.0,0.0,0.0,0.0,0.0,0.0,0.0,0.0,0.0,0.0,0.0,0.0,0.0,0.0,0.0,0.0,0.0,0.0,0.0,0.0,0.0,0.0,0.0,0.0,0.0,0.0,0.0,0.0,0.0,0.0,0.0,0.0,0.0,0.0,0.0,0.0,0.0,0.0,0.0,0.0,0.0,0.0,0.0,0.0,0.0,0.0,0.0,0.0,0.0,0.0,0.0,0.0,0.0,189.0,298.0,15901.0,120.0,1398.0,877.0,0.0,0.0,0.0,0.0,0.0,0.0,0.0,0.0,0.0,0.0,0.0,0.0,0.0,0.0,0.0,0.0,0.0,0.0,0.0,0.0,0.0,0.0,0.0,0.0,0.0,0.0,0.0,0.0,0.0,0.0,0.0,0.0,0.0,0.0,0.0,0.0,0.0,0.0,0.0,0.0,0.0,0.0,0.0,0.0,0.0,0.0,0.0,0.0,0.0,0.0,0.0,0.0,674969.0,0.0,0.0,0.0,0.0,0.0,59.0,0.0,0.0,0.0,0.0,0.0,0.0,0.0,0.0,0.0,0.0,0.0,0.0,0.0,0.0,0.0,0.0,0.0,0.0,0.0,0.0,0.0,0.0,0.0,0.0,0.0,0.0,0.0,0.0,0.0,0.0,0.0,0.0,0.0,0.0,0.0,0.0,0.0,0.0,244.0,816.0,0.0
139,0.0,0.0,0.0,0.0,0.0,0.0,0.0,0.0,0.0,0.0,0.0,0.0,0.0,0.0,0.0,0.0,0.0,0.0,0.0,0.0,0.0,0.0,0.0,0.0,0.0,0.0,0.0,0.0,0.0,0.0,0.0,0.0,0.0,0.0,0.0,0.0,0.0,0.0,0.0,0.0,0.0,0.0,0.0,0.0,0.0,0.0,0.0,0.0,0.0,0.0,0.0,0.0,0.0,0.0,0.0,0.0,0.0,0.0,0.0,0.0,0.0,0.0,0.0,0.0,0.0,0.0,0.0,0.0,0.0,0.0,0.0,0.0,0.0,0.0,0.0,0.0,0.0,0.0,0.0,0.0,0.0,0.0,0.0,0.0,0.0,0.0,0.0,0.0,0.0,0.0,0.0,0.0,195667.0,0.0,0.0,0.0,0.0,0.0,0.0,0.0,0.0,0.0,0.0,0.0,0.0,0.0,0.0,0.0,0.0,0.0,0.0,0.0,0.0,0.0,0.0,0.0,0.0,0.0,0.0,0.0,0.0,0.0,0.0,0.0,0.0,0.0,0.0,0.0,0.0,0.0,0.0,0.0,0.0,0.0,0.0,0.0,0.0,0.0,872334.0,111260.0,2514.0,0.0,0.0,137.0,0.0,0.0,0.0,0.0,0.0,0.0,0.0,0.0,0.0,0.0,0.0,0.0,0.0,0.0,0.0,0.0,0.0,0.0,0.0,0.0,13303.0,0.0,0.0,0.0,0.0,0.0,0.0,0.0,0.0,0.0,0.0,1925450.0,0.0,0.0,0.0,0.0,358854.0,0.0,890869.0,273.0,0.0
140,0.0,0.0,0.0,0.0,0.0,0.0,0.0,0.0,0.0,0.0,0.0,0.0,0.0,0.0,0.0,0.0,0.0,0.0,0.0,0.0,0.0,0.0,0.0,0.0,0.0,0.0,0.0,0.0,0.0,0.0,0.0,0.0,0.0,0.0,0.0,0.0,0.0,0.0,0.0,0.0,0.0,0.0,0.0,0.0,0.0,0.0,0.0,0.0,0.0,0.0,0.0,0.0,0.0,0.0,0.0,0.0,0.0,0.0,0.0,0.0,0.0,0.0,0.0,0.0,0.0,0.0,0.0,0.0,0.0,0.0,0.0,0.0,0.0,0.0,0.0,0.0,0.0,0.0,0.0,0.0,0.0,0.0,0.0,0.0,0.0,0.0,0.0,0.0,0.0,0.0,0.0,0.0,105305.0,0.0,0.0,0.0,0.0,0.0,0.0,0.0,0.0,0.0,0.0,0.0,0.0,0.0,0.0,0.0,0.0,0.0,0.0,0.0,0.0,0.0,0.0,0.0,0.0,0.0,0.0,0.0,0.0,0.0,0.0,0.0,0.0,0.0,0.0,0.0,0.0,0.0,0.0,0.0,0.0,0.0,0.0,0.0,0.0,0.0,274242.0,181887.0,532.0,0.0,0.0,394.0,0.0,0.0,0.0,79.0,0.0,0.0,0.0,0.0,0.0,0.0,0.0,0.0,0.0,0.0,0.0,0.0,0.0,0.0,0.0,550.0,1872.0,0.0,0.0,0.0,0.0,0.0,0.0,0.0,0.0,0.0,0.0,2493262.0,32003.0,345517.0,30729.0,2567.0,448564.0,56732.0,938955.0,5231.0,0.0
141,0.0,0.0,0.0,0.0,0.0,0.0,0.0,0.0,0.0,0.0,0.0,0.0,0.0,0.0,0.0,0.0,0.0,0.0,0.0,0.0,0.0,0.0,0.0,0.0,0.0,0.0,0.0,0.0,0.0,0.0,0.0,0.0,0.0,0.0,0.0,0.0,0.0,0.0,0.0,0.0,0.0,0.0,0.0,0.0,0.0,0.0,0.0,0.0,0.0,0.0,0.0,0.0,0.0,0.0,0.0,0.0,0.0,0.0,0.0,0.0,0.0,0.0,0.0,0.0,0.0,0.0,0.0,0.0,0.0,0.0,0.0,0.0,0.0,0.0,0.0,0.0,0.0,0.0,0.0,0.0,0.0,0.0,0.0,0.0,0.0,0.0,0.0,0.0,0.0,0.0,0.0,0.0,0.0,0.0,0.0,0.0,0.0,0.0,0.0,0.0,0.0,0.0,0.0,0.0,0.0,0.0,0.0,0.0,0.0,0.0,0.0,0.0,0.0,0.0,0.0,0.0,0.0,0.0,0.0,0.0,0.0,0.0,0.0,0.0,0.0,0.0,0.0,0.0,0.0,0.0,0.0,0.0,0.0,0.0,0.0,0.0,0.0,0.0,0.0,0.0,36927.0,0.0,0.0,0.0,0.0,0.0,0.0,0.0,0.0,0.0,0.0,0.0,0.0,0.0,0.0,0.0,0.0,0.0,0.0,0.0,0.0,0.0,0.0,933.0,5153.0,0.0,0.0,0.0,0.0,0.0,0.0,0.0,0.0,0.0,0.0,583831.0,0.0,2779.0,1467.0,0.0,57533.0,30390.0,1334550.0,0.0,0.0
142,0.0,0.0,0.0,0.0,0.0,0.0,0.0,0.0,0.0,99.0,121.0,106.0,302.0,47.0,286.0,143.0,51.0,141.0,0.0,0.0,0.0,0.0,0.0,0.0,0.0,142.0,182.0,514.0,14.0,671.0,28.0,3.0,13.0,0.0,0.0,55.0,21823.0,6863.0,22797.0,1496.0,5711.0,3061.0,23031.0,1371.0,2028.0,17790.0,787.0,2706.0,229.0,15.0,34.0,27.0,520.0,43.0,40.0,158.0,1588.0,8738.0,218.0,135.0,157.0,71.0,16.0,55.0,169.0,57.0,72.0,85.0,50.0,5787.0,710.0,1840.0,127.0,601.0,1987.0,60.0,0.0,0.0,0.0,0.0,0.0,0.0,0.0,0.0,0.0,51.0,157.0,136.0,234.0,235.0,83.0,105.0,0.0,1106.0,1902.0,263114.0,71087.0,1636.0,806.0,195.0,164.0,201.0,64956.0,56.0,2940601.0,196.0,5414.0,3212.0,1084.0,10150.0,923.0,763.0,150677.0,156.0,26577.0,1993.0,8251.0,87.0,13879.0,92983.0,810636.0,232893.0,54456.0,67682.0,85197.0,20731.0,68089.0,27207.0,376.0,519.0,681.0,663.0,871.0,15422.0,894.0,557624.0,370.0,12803.0,0.0,2551.0,5085.0,4736428.0,448.0,482237.0,301.0,236.0,91.0,163.0,120.0,86.0,0.0,164.0,0.0,1834.0,100.0,45949.0,631.0,0.0,0.0,0.0,0.0,0.0,0.0,170.0,4918.0,1851.0,269.0,80.0,155.0,1374.0,95.0,18.0,11.0,2189.0,40093.0,161936.0,653.0,10419.0,1737602.0,0.0,159603.0,2754022.0,288.0,522.0,10341.0
143,0.0,0.0,0.0,0.0,0.0,0.0,0.0,0.0,0.0,104.0,94.0,158.0,755.0,134.0,232.0,149.0,46.0,85.0,0.0,0.0,0.0,0.0,0.0,0.0,0.0,138.0,0.0,25.0,1.0,247.0,29.0,3.0,6850.0,67.0,44.0,73.0,215147.0,9630.0,27674.0,42.0,2584.0,270.0,10428.0,887.0,6264.0,4198.0,66.0,17829.0,9.0,65.0,1963.0,7683.0,59268.0,7369.0,145.0,577.0,508.0,1296.0,209.0,7617.0,294.0,79.0,0.0,48.0,82.0,894.0,48.0,63.0,2763.0,5266.0,4358.0,53.0,68.0,2952.0,5449.0,355.0,29530.0,3200.0,1612.0,1662.0,2470.0,3370.0,2205.0,510.0,2149.0,14214.0,30871.0,17980.0,7448.0,3013.0,51945.0,42403.0,3302.0,2173.0,24803.0,17543.0,5528.0,50882.0,5026.0,11475.0,768.0,17128.0,6777.0,814.0,74415.0,162.0,5226.0,6448.0,10523.0,3087.0,1953.0,552.0,711.0,11581.0,5389.0,2198.0,2394.0,211.0,26286.0,6305.0,766877.0,32206.0,90114.0,266725.0,171245.0,139295.0,471551.0,4165.0,34.0,1802.0,48658.0,13314.0,1408.0,2867.0,7706.0,299808.0,25597.0,2140.0,843.0,886.0,4670.0,13568.0,1182403.0,7837.0,75848.0,135.0,9004.0,8271.0,886067.0,13238.0,3578.0,13556.0,47430.0,85755.0,64861.0,283468.0,105133.0,915582.0,203117.0,47475.0,333223.0,405252.0,44495.0,3282.0,7952.0,20016.0,993.0,39184.0,45994.0,388126.0,76790.0,22.0,2480.0,511368.0,680510.0,40702.0,867135.0,666731.0,754574.0,1274.0,1273171.0,69472.0,85912.0,8755.0,208319.0
144,1169.0,752.0,36.0,63.0,5.0,144.0,124.0,47.0,9.0,27230.0,1701.0,2071.0,4952.0,718.0,612.0,60115.0,786.0,5005.0,219.0,233.0,200.0,383.0,197.0,505.0,64.0,3935.0,728.0,11507.0,244.0,11294.0,48188.0,2999.0,334218.0,64192.0,6895.0,5289.0,61353.0,1602.0,8601.0,15.0,884.0,100.0,3923.0,319.0,3217.0,2277.0,98.0,595856.0,8783.0,105.0,335.0,15308.0,160556.0,35303.0,15.0,51.0,0.0,2582.0,104.0,670.0,166.0,84.0,13.0,0.0,246.0,0.0,0.0,0.0,0.0,48947.0,0.0,0.0,130.0,81.0,932.0,62.0,2946.0,1586.0,199.0,151.0,222.0,635.0,487.0,86.0,435.0,3756.0,7997.0,4565.0,1808.0,1496.0,4776.0,8683.0,8645.0,1226.0,3547.0,7063.0,929.0,1673.0,182.0,439.0,30.0,514.0,8112.0,703.0,52184.0,237.0,209.0,250.0,51.0,825.0,1166.0,431.0,496.0,1903.0,697.0,82.0,1244.0,16602.0,625.0,10500.0,135819.0,6925.0,16698.0,49425.0,31732.0,27200.0,91587.0,4305.0,46.0,374.0,162479.0,6759.0,2059.0,50589.0,1154.0,86142.0,28618.0,0.0,306.0,54.0,0.0,0.0,172.0,3023545.0,2716.0,18657.0,7547.0,788.0,245707.0,980.0,661.0,2962.0,7367.0,27333.0,54663.0,193308.0,313534.0,531399.0,4308526.0,509343.0,3475651.0,1274037.0,32489.0,2165.0,1199.0,495573.0,72718.0,196428.0,177262.0,512904.0,1335.0,6.0,4464.0,97244.0,72816.0,212477.0,1967695.0,672747.0,5710934.0,155047.0,294888.0,480060.0,136359.0,1624.0,2479915.0
145,5206.0,7999.0,188.0,3168.0,84.0,783.0,377.0,215.0,28.0,181843.0,1715.0,1879.0,6323.0,265.0,810.0,89998.0,614.0,982.0,46273.0,17678.0,1594.0,4369.0,335.0,662.0,392.0,47344.0,1161.0,103289.0,8698.0,15061.0,101869.0,34236.0,351059.0,94971.0,9592.0,12668.0,1890189.0,1021587.0,2123107.0,5349.0,30863.0,6037.0,149257.0,23655.0,31502.0,393262.0,3002.0,876611.0,306160.0,39.0,485828.0,470273.0,1808516.0,1481567.0,26990.0,98878.0,40184.0,211823.0,15107.0,178827.0,35564.0,18626.0,201.0,47593.0,570474.0,743.0,110373.0,1238.0,89633.0,373582.0,114874.0,917.0,358.0,20462.0,384601.0,25519.0,3355773.0,638496.0,247060.0,30869.0,46299.0,201125.0,20431.0,108288.0,685883.0,235262.0,497817.0,284144.0,113040.0,448635.0,637694.0,642501.0,514420.0,970108.0,606156.0,1417705.0,216432.0,466405.0,67153.0,164369.0,9352.0,157288.0,400180.0,245105.0,669615.0,70712.0,171461.0,206301.0,42502.0,504761.0,353521.0,1284078.0,1679698.0,7733919.0,292369.0,202581.0,918282.0,75124.0,384887.0,2078062.0,1393930.0,148983.0,311797.0,922877.0,608948.0,526613.0,1792991.0,675926.0,18950.0,431229.0,417107.0,163177.0,32417.0,34783.0,220083.0,637754.0,585085.0,386348.0,155395.0,71318.0,190391.0,1056468.0,47388.0,87250.0,315410228.0,465094.0,1280662.0,612185.0,9646588.0,673347.0,78891.0,429852.0,4891570.0,3112090.0,2858826.0,15295709.0,784528.0,6453151.0,567401.0,751594.0,3984737.0,8418034.0,3560363.0,1514076.0,314656.0,2258173.0,4102734.0,16372486.0,10323208.0,1692224.0,440451.0,512.0,446465.0,3873626.0,1773890.0,2287333.0,13848917.0,1463153.0,6074743.0,97052.0,5753986.0,7980654.0,3005856.0,1819120.0,9014601.0
146,0.0,0.0,0.0,0.0,0.0,0.0,0.0,0.0,0.0,0.0,0.0,0.0,0.0,0.0,0.0,0.0,0.0,0.0,0.0,0.0,0.0,0.0,0.0,0.0,0.0,4793.0,335.0,20486.0,1405.0,0.0,0.0,0.0,903061.0,51421.0,17878.0,46631.0,0.0,0.0,168787.0,0.0,0.0,0.0,0.0,0.0,0.0,0.0,0.0,342676.0,1684.0,0.0,111546.0,105831.0,51734.0,8134.0,67202.0,365823.0,64035.0,11811.0,494.0,176655.0,48621.0,3139.0,17.0,0.0,846060.0,0.0,0.0,47.0,7762.0,583497.0,62048.0,0.0,8658.0,115205.0,57179.0,3812.0,55075.0,353.0,3933.0,2974.0,4402.0,11894.0,12690.0,72145.0,236127.0,155576.0,336154.0,188980.0,66713.0,334864.0,159440.0,228251.0,90407.0,519698.0,101713.0,1925922.0,55936.0,203406.0,89612.0,231784.0,7449.0,99088.0,54270.0,165113.0,106329.0,121781.0,49843.0,59847.0,12188.0,164840.0,511936.0,806164.0,569034.0,2964747.0,217522.0,100537.0,67104.0,0.0,2381.0,461360.0,55532.0,1859.0,0.0,0.0,0.0,1765.0,40.0,111453.0,11471.0,102818.0,526862.0,44232.0,0.0,0.0,18181.0,33366.0,5028.0,6.0,14.0,2106.0,801.0,5448.0,1260.0,10571.0,23933779.0,589230.0,427.0,122336.0,105989.0,326.0,0.0,1001.0,2077.0,0.0,0.0,1089214.0,0.0,0.0,0.0,0.0,382492.0,1552.0,117.0,6783.0,173626.0,0.0,778.0,0.0,0.0,328.0,0.0,0.0,0.0,0.0,38102.0,5386.0,524958.0,265350.0,488934.0,2424.0,28035.0,113332.0,65299.0,0.0,0.0
147,0.0,88.0,7.0,45.0,3.0,10.0,5.0,5.0,9.0,14522.0,619.0,150.0,473.0,79.0,359.0,3320.0,176.0,15.0,11.0,24.0,0.0,28.0,6.0,9.0,1.0,1054.0,125.0,1412.0,115.0,221.0,5.0,1.0,2795.0,92.0,61.0,49.0,11189.0,16502.0,25105.0,208.0,1817.0,288.0,3716.0,4096.0,61.0,5999.0,115.0,48665.0,22831.0,440.0,1999.0,9755.0,1636.0,250.0,81.0,324.0,16500.0,50453.0,40.0,3687.0,183.0,106.0,23.0,87.0,2292.0,684.0,747.0,3492.0,5125.0,16553.0,42380.0,4017.0,283.0,13527.0,3601.0,207.0,11518.0,6200.0,935.0,693.0,1040.0,1574.0,4120.0,737.0,4144.0,298.0,671.0,302.0,130.0,347.0,878.0,874.0,432.0,9728.0,2423.0,13188.0,9240.0,8112.0,6500.0,448.0,60.0,83842.0,29818.0,692.0,59263.0,1855.0,807.0,137.0,425.0,2010.0,20380.0,5087.0,7319.0,1065997.0,36459.0,21339.0,28844.0,589.0,2983.0,77471.0,28152.0,8176.0,2980.0,8821.0,5664.0,5081.0,26676.0,5697.0,236.0,1062.0,36175.0,3324.0,592.0,319.0,1074.0,93682.0,2961.0,8338.0,349.0,941.0,979.0,3055.0,505.0,2292.0,191.0,419297.0,223105.0,30005.0,38544.0,1107.0,1726.0,3289.0,23992.0,20904.0,29040.0,153023.0,1271.0,23833.0,19078.0,8175.0,6173.0,43317.0,2287.0,38801.0,6656.0,22635.0,5739.0,253309.0,17893.0,16585.0,664.0,2.0,99.0,27671.0,814415.0,162003.0,1106375.0,125741.0,627087.0,14916.0,333894.0,1121902.0,75769.0,1402.0,1978267.0
148,0.0,0.0,0.0,0.0,0.0,0.0,0.0,0.0,0.0,0.0,7065.0,0.0,111940.0,0.0,371.0,0.0,0.0,0.0,137.0,7523.0,54.0,220.0,112.0,158.0,392.0,9994.0,558.0,9150.0,2845.0,158.0,0.0,0.0,41730.0,5051.0,335.0,405.0,143048.0,126876.0,221358.0,1216.0,5395.0,2542.0,18728.0,2227.0,1650.0,30865.0,693.0,3610.0,230.0,480.0,5552.0,70105.0,107.0,62.0,317.0,1278.0,223.0,65298.0,63.0,606.0,185.0,43.0,6.0,0.0,24839.0,901.0,219.0,98.0,284.0,608.0,1359.0,375.0,0.0,84.0,116700.0,8289.0,29035.0,17103.0,2632.0,2608.0,3153.0,3575.0,7428.0,4534.0,26115.0,5970.0,12140.0,8231.0,3560.0,9550.0,29260.0,26109.0,3519.0,772.0,6659.0,99600.0,23372.0,68506.0,8775.0,22512.0,1027.0,22153.0,42377.0,34299.0,70899.0,7790.0,2168.0,9326.0,1597.0,12915.0,13996.0,11701.0,15790.0,750.0,3002.0,168.0,12932.0,68.0,2416.0,72243.0,63535.0,7060.0,1919.0,12013.0,3807.0,1832.0,30086.0,32556.0,5173.0,55257.0,29592.0,2417.0,1748.0,828.0,1907.0,168287.0,334.0,7218.0,1369.0,20176.0,6201.0,4208.0,3804.0,3697.0,34937.0,169.0,4352.0,1788131.0,257363.0,12063.0,4391.0,107457.0,15730.0,69784.0,120932.0,311135.0,467.0,476239.0,44467.0,6621.0,161786.0,496493.0,8837.0,5019.0,6778.0,22580.0,27565.0,3268.0,1902.0,33159.0,17691.0,1.0,228.0,20622.0,61430.0,46799.0,978545.0,3806.0,592342.0,5714.0,3073.0,535827.0,243.0,116.0,173450.0
149,3752.0,18680.0,8259.0,71071.0,4173.0,9559.0,11053.0,10724.0,62.0,94051.0,99.0,972.0,11788.0,4.0,25310.0,55702.0,5889.0,32970.0,20692.0,229458.0,5314.0,9238.0,48423.0,45657.0,5135.0,106352.0,2728.0,49909.0,7632.0,34382.0,1153529.0,527628.0,543.0,50652.0,2026.0,7869.0,944343.0,739655.0,1505001.0,11008.0,46294.0,23011.0,169528.0,20161.0,14933.0,279389.0,5797.0,594333.0,74502.0,4501.0,58458.0,79164.0,4.0,0.0,325.0,1134.0,0.0,4962.0,315.0,666.0,1650.0,265.0,38.0,0.0,59318.0,0.0,0.0,0.0,0.0,0.0,319.0,0.0,0.0,1174.0,19068.0,1271.0,0.0,0.0,1653.0,0.0,0.0,196.0,0.0,0.0,0.0,14026.0,29863.0,17045.0,8091.0,2851.0,49609.0,41314.0,15678.0,6552.0,3.0,768.0,0.0,3.0,0.0,0.0,0.0,15.0,3682.0,0.0,0.0,0.0,852.0,1024.0,364.0,4059.0,0.0,2146.0,0.0,130032.0,197.0,42837.0,7122.0,0.0,8675.0,661654.0,550988.0,46008.0,19421.0,0.0,0.0,426799.0,1810601.0,3290.0,28.0,40.0,71299.0,108504.0,0.0,2503.0,15196.0,169775.0,162848.0,13491.0,3449.0,36108.0,15729.0,0.0,13099.0,20243.0,79881.0,5923.0,173114.0,28892.0,25789066.0,39623.0,90344.0,238911.0,438128.0,1222007.0,727031.0,14602912.0,16655.0,468942.0,37820.0,63143.0,274795.0,2413160.0,75045.0,24112.0,10301.0,112198.0,87137.0,823011.0,290304.0,3436785.0,152396.0,1449.0,178940.0,78528170.0,2992634.0,1071703.0,0.0,0.0,0.0,0.0,1374161.0,276407.0,144101.0,143086.0,914421.0
150,0.0,0.0,0.0,0.0,0.0,0.0,0.0,0.0,0.0,0.0,0.0,69.0,0.0,0.0,15530.0,0.0,0.0,23512.0,4545.0,295354.0,1009.0,10928.0,33720.0,26691.0,1129.0,2562.0,1833.0,5766.0,712.0,6812.0,382101.0,62951.0,0.0,0.0,0.0,0.0,28755.0,29402.0,88796.0,41075.0,21072.0,6616.0,38479.0,10786.0,5.0,15107.0,53.0,375680.0,134112.0,1003.0,42413.0,11025.0,0.0,0.0,0.0,0.0,0.0,90.0,0.0,68.0,151.0,0.0,8.0,0.0,4903.0,0.0,0.0,0.0,0.0,0.0,0.0,0.0,0.0,0.0,19743.0,0.0,5681.0,3060.0,415.0,313.0,461.0,1328.0,116.0,341.0,2149.0,189.0,0.0,0.0,0.0,0.0,440.0,772.0,367.0,126683.0,1316.0,673.0,228.0,427.0,46.0,112.0,8.0,139.0,619.0,158.0,1233.0,60.0,122.0,147.0,30.0,422.0,8600.0,6095.0,6028.0,1648.0,603.0,107.0,692.0,60.0,305.0,3707.0,3438.0,0.0,0.0,0.0,0.0,30.0,0.0,14017.0,47.0,5.0,10989.0,6231.0,117.0,133.0,487.0,0.0,1759.0,52.0,25.0,978.0,422.0,0.0,6.0,639.0,2925.0,1052.0,154812.0,389188.0,4608535.0,5131.0,13653.0,26192.0,17258.0,190887.0,37383.0,1261358.0,9779.0,76520.0,4646.0,12511.0,40089.0,599841.0,13766.0,100.0,560.0,13292.0,54878.0,427131.0,117704.0,910903.0,1292.0,1.0,609.0,344608.0,468905.0,6393.0,40779786.0,3840879.0,756574.0,183379.0,605190.0,383118.0,79188.0,184.0,3066717.0
151,9441.0,37177.0,8352.0,124917.0,7539.0,17210.0,19945.0,19361.0,131.0,23575.0,15128.0,1926.0,170308.0,17.0,106101.0,7745.0,28120.0,73966.0,114201.0,1199511.0,13992.0,40170.0,164166.0,104416.0,6244.0,34884.0,20987.0,89704.0,43941.0,46848.0,135984.0,156423.0,0.0,82858.0,3141.0,12579.0,0.0,0.0,0.0,0.0,0.0,0.0,0.0,0.0,0.0,0.0,0.0,0.0,0.0,156.0,0.0,0.0,0.0,0.0,0.0,0.0,0.0,0.0,0.0,0.0,0.0,0.0,0.0,0.0,0.0,0.0,0.0,0.0,0.0,0.0,0.0,0.0,0.0,0.0,0.0,0.0,0.0,0.0,0.0,0.0,0.0,0.0,0.0,0.0,0.0,0.0,0.0,0.0,0.0,0.0,0.0,0.0,0.0,0.0,0.0,0.0,0.0,0.0,0.0,0.0,0.0,0.0,0.0,0.0,0.0,0.0,0.0,0.0,0.0,0.0,0.0,0.0,0.0,0.0,0.0,0.0,0.0,0.0,0.0,0.0,0.0,0.0,0.0,0.0,0.0,0.0,0.0,0.0,0.0,0.0,0.0,0.0,0.0,0.0,0.0,0.0,0.0,0.0,0.0,0.0,0.0,0.0,0.0,0.0,0.0,0.0,0.0,0.0,0.0,0.0,359945.0,0.0,0.0,0.0,0.0,0.0,0.0,0.0,0.0,0.0,0.0,0.0,0.0,0.0,0.0,0.0,0.0,0.0,0.0,0.0,0.0,0.0,0.0,0.0,0.0,0.0,0.0,0.0,0.0,0.0,0.0,0.0,0.0,0.0,0.0
152,3577.0,21980.0,10076.0,50267.0,5096.0,11633.0,13483.0,13089.0,146.0,0.0,63.0,2081.0,713.0,8.0,55299.0,130314.0,27724.0,126034.0,97190.0,502125.0,52355.0,43518.0,126827.0,215037.0,4987.0,30026.0,9369.0,118047.0,9320.0,60984.0,726508.0,680200.0,127.0,59322.0,3630.0,8636.0,200544.0,118481.0,435370.0,25500.0,55573.0,31658.0,151398.0,41432.0,111.0,61774.0,183.0,1258879.0,156315.0,2324.0,21917.0,45211.0,0.0,0.0,71.0,163.0,0.0,221.0,0.0,0.0,0.0,0.0,0.0,0.0,32211.0,0.0,0.0,0.0,0.0,0.0,0.0,0.0,0.0,0.0,57528.0,0.0,0.0,0.0,0.0,0.0,0.0,0.0,0.0,0.0,0.0,4899.0,0.0,1097.0,417.0,6501.0,7555.0,11482.0,0.0,4527.0,0.0,0.0,0.0,0.0,0.0,0.0,0.0,0.0,0.0,0.0,0.0,0.0,2146.0,2577.0,525.0,7229.0,0.0,1407.0,0.0,0.0,50.0,714.0,0.0,0.0,5154.0,13649.0,0.0,0.0,0.0,0.0,0.0,353.0,698.0,1063.0,28.0,23.0,46296.0,17233.0,0.0,2410.0,0.0,0.0,29485.0,0.0,0.0,0.0,0.0,0.0,0.0,4883.0,11523.0,13336.0,37696.0,1636.0,3168953.0,0.0,0.0,1748135.0,1694756.0,0.0,0.0,0.0,248512.0,0.0,28321.0,51057.0,267023.0,1889765.0,101760.0,1075.0,1365.0,0.0,0.0,0.0,0.0,0.0,0.0,0.0,0.0,454674.0,0.0,0.0,0.0,0.0,0.0,0.0,8517.0,0.0,0.0,0.0,0.0
153,0.0,0.0,0.0,0.0,0.0,0.0,0.0,0.0,0.0,0.0,0.0,0.0,0.0,0.0,0.0,0.0,0.0,0.0,0.0,0.0,0.0,0.0,0.0,0.0,0.0,0.0,0.0,0.0,0.0,29274.0,720146.0,452588.0,4284.0,101301.0,9407.0,18419.0,1231287.0,1822460.0,5078743.0,114984.0,127391.0,180889.0,180562.0,15411.0,505.0,114550.0,94.0,572945.0,414042.0,42042.0,363345.0,464661.0,0.0,0.0,934.0,1932.0,0.0,0.0,0.0,2513.0,3322.0,0.0,0.0,0.0,59.0,0.0,0.0,0.0,0.0,0.0,503.0,0.0,0.0,0.0,0.0,0.0,0.0,0.0,0.0,0.0,0.0,0.0,0.0,0.0,0.0,55976.0,0.0,12539.0,2193.0,44039.0,51178.0,75112.0,0.0,6545.0,51.0,54.0,0.0,30.0,0.0,0.0,0.0,0.0,0.0,0.0,0.0,0.0,3670.0,4407.0,903.0,13232.0,0.0,2684.0,0.0,0.0,570.0,8214.0,0.0,0.0,2928.0,7845.0,0.0,0.0,0.0,0.0,0.0,2602.0,13938.0,640.0,73.0,659.0,0.0,0.0,0.0,0.0,0.0,0.0,35.0,0.0,0.0,104044.0,47891.0,0.0,655.0,38697.0,1793.0,203008.0,55879.0,14291.0,16382794.0,0.0,0.0,0.0,712571.0,0.0,0.0,0.0,0.0,0.0,0.0,0.0,0.0,0.0,0.0,0.0,0.0,0.0,0.0,0.0,0.0,0.0,0.0,0.0,0.0,0.0,0.0,0.0,0.0,0.0,0.0,0.0,0.0,0.0,0.0,0.0,0.0
154,15531.0,5566.0,249.0,567.0,297.0,4163.0,2441.0,1302.0,6.0,66869.0,5263.0,22004.0,71168.0,512.0,21508.0,151685.0,9623.0,35075.0,24700.0,2477.0,4065.0,2445.0,24671.0,33014.0,314.0,5332.0,126.0,6188.0,1025.0,49356.0,290406.0,56980.0,225649.0,57710.0,11608.0,3232.0,1542466.0,48777.0,448926.0,1689.0,17672.0,3315.0,89493.0,12223.0,19083.0,328839.0,727.0,1640211.0,208020.0,8532.0,152747.0,171858.0,3331.0,224.0,1009.0,3218.0,8127.0,24918.0,2259.0,12182.0,1774.0,394.0,29.0,49.0,14216.0,772.0,76.0,58.0,3382.0,38249.0,3225.0,5664.0,345.0,10893.0,165684.0,11593.0,144024.0,39264.0,10775.0,9019.0,9138.0,32645.0,7168.0,7845.0,64979.0,77464.0,149604.0,73908.0,24935.0,95622.0,114575.0,160562.0,67751.0,51722.0,38831.0,56203.0,32157.0,64880.0,7023.0,17144.0,1228.0,27719.0,29823.0,23141.0,319503.0,8413.0,10505.0,55093.0,5015.0,33051.0,28223.0,28698.0,33827.0,115909.0,49746.0,5239.0,76611.0,8712.0,43532.0,247363.0,236965.0,44119.0,3644.0,8934.0,113136.0,132411.0,16058.0,1138890.0,20542.0,143628.0,38367394.0,84858.0,4968.0,15705.0,161612.0,2749297.0,26328.0,2750.0,5559.0,4213.0,5739.0,32038.0,15956.0,863740.0,60160.0,166.0,44254.0,27084.0,361165.0,168892.0,9238.0,330011.0,3584453.0,648169.0,878141.0,4338293.0,313.0,8453564.0,216401.0,132593.0,527538.0,436886.0,142423.0,17258.0,65972.0,39470.0,41302.0,55140.0,10513.0,670781.0,127831.0,36.0,36479.0,1307185.0,1182426.0,2217019.0,976183.0,7327.0,43179.0,474.0,330691.0,332888.0,170347.0,40131.0,29547.0
155,19849.0,57919.0,1133.0,2911.0,3609.0,20374.0,11917.0,5646.0,18.0,19001.0,1122.0,2601.0,58595.0,43.0,103750.0,24299.0,56632.0,136720.0,108401.0,245007.0,8295.0,22757.0,152172.0,236590.0,918.0,291828.0,348.0,25961.0,4414.0,131804.0,1108158.0,470748.0,36870.0,18398.0,2398.0,6801.0,1406067.0,76903.0,295352.0,482.0,27873.0,4277.0,115049.0,11475.0,73970.0,926550.0,2022.0,2644180.0,16230.0,36785.0,725312.0,638734.0,3137.0,128.0,1059.0,3772.0,407.0,47743.0,1365.0,13665.0,2850.0,536.0,58.0,0.0,18532.0,1101.0,0.0,7778.0,0.0,4257.0,8717.0,8660.0,474.0,16011.0,527768.0,33745.0,166042.0,89396.0,12046.0,9132.0,13436.0,38499.0,6213.0,4908.0,30013.0,56800.0,120492.0,69877.0,25007.0,0.0,395.0,3428.0,525.0,38920.0,603355.0,199351.0,57394.0,100831.0,11021.0,27241.0,1824.0,36823.0,187858.0,38093.0,476500.0,15816.0,20824.0,25009.0,5081.0,71061.0,18185.0,27388.0,24312.0,556997.0,204751.0,21829.0,66087.0,41973.0,27980.0,98081.0,240514.0,12858.0,28777.0,85175.0,54685.0,50315.0,184129.0,221916.0,24277.0,218341.0,340529.0,16376.0,13914.0,5321.0,26909.0,116967.0,44784.0,14060.0,7922.0,4300.0,24983.0,116566.0,2741.0,21224.0,796667.0,5653.0,57879.0,20805.0,1828293.0,121679.0,10778.0,184169.0,739632.0,3027566.0,1728957.0,19011004.0,2489.0,45912618.0,440009.0,226654.0,1048423.0,903436.0,3592243.0,34708.0,13863.0,141991.0,61186.0,374721.0,60359.0,1713848.0,910384.0,5583.0,73368.0,1493246.0,5713345.0,8338784.0,2369693.0,214523.0,3490945.0,4455.0,924730.0,1157382.0,171434.0,22303.0,2872528.0
156,6418364.0,1464388.0,79315.0,873351.0,25350.0,102230.0,68986.0,197803.0,3096.0,5372091.0,223517.0,913297.0,696666.0,12454.0,1592609.0,6372083.0,116231.0,1174303.0,736159.0,6034553.0,1077496.0,197873.0,926515.0,604152.0,45560.0,5841035.0,1006754.0,12135252.0,1269714.0,661386.0,368705.0,278995.0,6081954.0,1213668.0,282789.0,480030.0,8241511.0,1659248.0,2915383.0,41378.0,506298.0,111607.0,1413897.0,210766.0,147105.0,2311201.0,63402.0,10694993.0,595096.0,40013.0,1099103.0,1362538.0,22884182.0,8760149.0,4726327.0,7698113.0,3168465.0,15876484.0,2538791.0,6784226.0,3068348.0,321483.0,6353808.0,4548419.0,7428823.0,2213444.0,3506302.0,4248574.0,2566101.0,4207324.0,21690746.0,5895878.0,370352.0,7769687.0,8265833.0,599902.0,7212040.0,7986890.0,1941070.0,2466229.0,2337211.0,19794752.0,856729.0,1138229.0,6404780.0,3816371.0,8180066.0,4962679.0,1907214.0,4540166.0,3926113.0,6570323.0,4390743.0,4711131.0,5068757.0,7218636.0,2933705.0,4496960.0,870006.0,2472240.0,192699.0,4179346.0,4435560.0,2684164.0,6403538.0,1219851.0,1854912.0,5896683.0,672110.0,7976492.0,2358621.0,2635801.0,2452588.0,5474073.0,752293.0,318121.0,6430598.0,407807.0,3064081.0,6367065.0,12460411.0,2220207.0,1968147.0,6564952.0,3295660.0,2250054.0,6054313.0,8745701.0,1362947.0,12962383.0,9171167.0,2416277.0,217259.0,303775.0,1633729.0,5823026.0,8770134.0,2836076.0,1229540.0,933639.0,945757.0,2405533.0,3074417.0,1662946.0,6247880.0,94011.0,1417048.0,946221.0,171162480.0,19859623.0,3502093.0,14290925.0,79590668.0,3040835.0,3472313.0,34047693.0,263787.0,16237704.0,4491464.0,1012430.0,7598828.0,3485163.0,1246127.0,3822881.0,84923352.0,3535548.0,1019234.0,2806885.0,1360908.0,4254268.0,890393.0,1243.0,450617.0,5087412.0,9547161.0,6615233.0,10395799.0,3601961.0,27685044.0,118584.0,10935768.0,13467678.0,2470692.0,1174310.0,6867686.0
157,6717.0,1346.0,78.0,943.0,23.0,115.0,73.0,180.0,7.0,4885.0,216.0,817.0,1318.0,68.0,2804.0,6325.0,138.0,1339.0,703.0,4546.0,829.0,409.0,998.0,864.0,63.0,2525.0,341.0,3876.0,425.0,659.0,977.0,385.0,4139.0,767.0,219.0,512.0,1954007.0,165513.0,48150.0,124.0,3615.0,158.0,2413.0,413.0,268.0,4116.0,193.0,24198.0,1562.0,147.0,2219.0,2656.0,13342.0,11925.0,4764.0,6602.0,3341.0,10108.0,1645.0,4099.0,4653.0,935.0,21716.0,2586.0,4634.0,3056.0,2503.0,3460.0,2993.0,3376.0,27811.0,7457.0,770.0,6452.0,12190.0,858.0,12447.0,10071.0,2859.0,2419.0,2675.0,23486.0,1018.0,839.0,3885.0,4152.0,7833.0,4307.0,1833.0,6256.0,7087.0,10077.0,7512.0,7221.0,6343.0,10215.0,6950.0,5505.0,1792.0,2443.0,173.0,3237.0,4488.0,3620.0,8708.0,1868.0,2348.0,5862.0,782.0,7055.0,4791.0,3765.0,4461.0,5953.0,1047.0,278.0,11295.0,1006.0,6469.0,12759.0,29805.0,4521.0,2042.0,6965.0,7110.0,2696.0,8635.0,12715.0,2882.0,26229.0,90919.0,3046.0,260.0,838.0,2362.0,10739.0,7666.0,2583.0,913.0,1006.0,1434.0,1811.0,3945.0,3926.0,14871.0,273.0,3061.0,4977.0,311325.0,30408.0,5210.0,21943.0,128319.0,15458.0,13085.0,497376.0,537.0,50612.0,5866.0,1685.0,16251.0,7081.0,2780.0,3302.0,66358.0,12967.0,15975.0,45419.0,5974.0,33341.0,59833.0,6.0,1834.0,21011.0,103538.0,123256.0,1754734.0,245510.0,995181.0,92478.0,46653.0,24662.0,4045.0,2884.0,47132.0
158,549108.0,137396.0,8390.0,96105.0,2237.0,9675.0,8364.0,14595.0,651.0,971131.0,28361.0,153810.0,130663.0,3010.0,301646.0,1019263.0,16491.0,357455.0,105919.0,688192.0,69647.0,26602.0,132888.0,118188.0,19782.0,222363.0,33235.0,361822.0,43213.0,78062.0,239393.0,76338.0,1306615.0,88099.0,20953.0,45523.0,10511015.0,875213.0,2029979.0,16945.0,375208.0,432513.0,1179443.0,377954.0,176870.0,2401091.0,31296.0,11314020.0,630824.0,59995.0,1052735.0,1682906.0,2015755.0,1881932.0,435425.0,708279.0,294030.0,1014736.0,131446.0,337577.0,418813.0,70824.0,1744702.0,207803.0,1466203.0,245719.0,201189.0,315303.0,285734.0,610932.0,2761035.0,692570.0,62457.0,673310.0,2733874.0,186136.0,1566122.0,1506272.0,294078.0,291634.0,273222.0,2199044.0,198605.0,167529.0,722104.0,933821.0,1878784.0,1075855.0,434839.0,2069860.0,2199390.0,3185614.0,2071728.0,1220828.0,1678926.0,2083534.0,880520.0,1323647.0,162459.0,567826.0,30912.0,482646.0,725035.0,617500.0,1485809.0,427381.0,291872.0,594905.0,88320.0,921461.0,665310.0,877252.0,1825370.0,2315064.0,633116.0,88655.0,1413374.0,129911.0,885756.0,1686723.0,3291728.0,410465.0,274744.0,888687.0,782576.0,392230.0,1300988.0,1093093.0,189916.0,1737226.0,7453965.0,350688.0,105654.0,95681.0,251267.0,1236002.0,2442162.0,746800.0,222844.0,256024.0,307872.0,266356.0,342791.0,351866.0,1383190.0,47726.0,1070622.0,724245.0,67268186.0,7195391.0,1291307.0,5479150.0,46558264.0,5354901.0,2504556.0,61774860.0,24663.0,4907608.0,664096.0,435879.0,1589792.0,2386639.0,5627025.0,278629.0,5766573.0,1842773.0,583474.0,2052496.0,634660.0,1909376.0,480027.0,248.0,370846.0,2418902.0,7701481.0,4035034.0,30698840.0,5563302.0,7143664.0,181218.0,8861814.0,4238227.0,1568796.0,401536.0,2543679.0
159,141969.0,28450.0,1652.0,19929.0,491.0,2433.0,1540.0,3811.0,148.0,103864.0,4839.0,22472.0,22169.0,381.0,60693.0,135823.0,3025.0,27039.0,15159.0,99016.0,17637.0,4325.0,21751.0,17472.0,1710.0,54401.0,7988.0,83240.0,8988.0,14511.0,25205.0,9108.0,92583.0,14769.0,4873.0,13179.0,17225109.0,2388582.0,1589235.0,2147.0,144903.0,4909.0,86658.0,11291.0,54821.0,863922.0,16455.0,2075905.0,190100.0,3169.0,198834.0,440675.0,299593.0,255009.0,104087.0,154372.0,71014.0,246228.0,38466.0,97464.0,98038.0,18429.0,459019.0,54655.0,95392.0,64823.0,53044.0,72309.0,82539.0,76898.0,586709.0,179547.0,16822.0,137737.0,272342.0,19177.0,333463.0,251663.0,93080.0,102518.0,102004.0,525334.0,50650.0,24388.0,117628.0,284435.0,1045913.0,334278.0,113566.0,157331.0,180008.0,258136.0,199306.0,232122.0,2213079.0,260425.0,130073.0,119863.0,25087.0,52564.0,3731.0,69386.0,97107.0,80974.0,183360.0,40055.0,48897.0,123029.0,16413.0,147230.0,131641.0,122202.0,160635.0,236469.0,180920.0,21049.0,274424.0,17775.0,134929.0,221288.0,638471.0,95483.0,43555.0,149551.0,151698.0,56953.0,186866.0,276108.0,48512.0,443157.0,1930706.0,67015.0,7632.0,14716.0,51299.0,255315.0,185866.0,66535.0,22515.0,25194.0,33995.0,36394.0,85529.0,82125.0,309016.0,4180.0,59991.0,125244.0,3936850.0,617500.0,84706.0,328920.0,2021724.0,544374.0,201809.0,2879190.0,4778.0,773883.0,148181.0,42174.0,244585.0,1228922.0,695732.0,65076.0,1402638.0,331507.0,56644.0,529399.0,88746.0,214059.0,50488.0,48.0,28471.0,313904.0,1183529.0,819904.0,1868678.0,173053.0,978066.0,31770.0,403006.0,436589.0,55247.0,63757.0,242584.0
160,20949.0,11123.0,194.0,6014.0,256.0,1221.0,264.0,641.0,21.0,17292.0,4501.0,3083.0,16691.0,39.0,12249.0,17103.0,3824.0,47081.0,4235.0,21107.0,1917.0,1806.0,7086.0,7307.0,6857.0,12279.0,1605.0,14586.0,910.0,3234.0,30472.0,7784.0,54224.0,15566.0,2344.0,2305.0,2599230.0,1355933.0,1554964.0,448.0,42846.0,764.0,44959.0,1850.0,86459.0,119675.0,10576.0,168017.0,254583.0,441.0,75375.0,50029.0,44165.0,27323.0,11870.0,20559.0,8193.0,40231.0,5597.0,24474.0,11696.0,2364.0,46521.0,5556.0,12671.0,6736.0,5490.0,7725.0,6986.0,20659.0,71367.0,17813.0,1894.0,24787.0,122689.0,8282.0,76578.0,38583.0,13746.0,14937.0,11144.0,88433.0,8807.0,13098.0,78851.0,210090.0,445157.0,253737.0,90279.0,15627.0,20665.0,32714.0,21183.0,164694.0,379783.0,66778.0,25740.0,35544.0,5088.0,11463.0,796.0,15139.0,19355.0,17298.0,30991.0,7368.0,8617.0,16862.0,2564.0,27621.0,85558.0,89687.0,127524.0,160770.0,157334.0,16710.0,159920.0,3310.0,58203.0,91308.0,67404.0,9780.0,4415.0,14936.0,15256.0,6257.0,18489.0,46044.0,6983.0,63462.0,197058.0,20059.0,557.0,637.0,5568.0,178836.0,85828.0,7020.0,10575.0,10502.0,12880.0,12280.0,9090.0,11902.0,36640.0,1649.0,14299.0,8733.0,1991362.0,68625.0,17271.0,59235.0,399771.0,129299.0,48385.0,607244.0,538.0,126024.0,42953.0,15975.0,20900.0,336529.0,267796.0,11852.0,175056.0,591569.0,13658.0,50880.0,31394.0,24111.0,8275.0,14.0,5492.0,35092.0,1278374.0,1164534.0,45718.0,9203.0,75845.0,781.0,65547.0,61414.0,9903.0,12563.0,53868.0
161,64652.0,12956.0,753.0,9075.0,225.0,1109.0,702.0,1735.0,68.0,46988.0,2185.0,20172.0,12704.0,283.0,61143.0,60859.0,1316.0,43475.0,18608.0,375129.0,8333.0,5255.0,28278.0,39906.0,2786.0,41720.0,4890.0,58315.0,4094.0,11255.0,69251.0,20209.0,205524.0,47346.0,4443.0,8323.0,1822501.0,595505.0,1184022.0,1486.0,166098.0,18068.0,118687.0,12998.0,88572.0,1137103.0,12636.0,1629462.0,16027.0,3417.0,238161.0,410080.0,153175.0,117108.0,65833.0,130598.0,38398.0,223187.0,26073.0,116705.0,55340.0,10752.0,209460.0,27529.0,65978.0,29711.0,24785.0,40615.0,47426.0,113614.0,371184.0,91052.0,8367.0,204865.0,1246740.0,83579.0,746040.0,200954.0,72414.0,67127.0,114404.0,284186.0,47984.0,71323.0,231826.0,197352.0,410486.0,232721.0,88261.0,157878.0,185984.0,277879.0,166906.0,440026.0,271555.0,282659.0,128664.0,175644.0,46264.0,100516.0,6057.0,95552.0,197627.0,97069.0,347382.0,49057.0,68071.0,111080.0,18964.0,164837.0,320682.0,176417.0,203801.0,625585.0,133406.0,14658.0,99010.0,16014.0,79544.0,648286.0,487474.0,57184.0,53135.0,166771.0,132475.0,84465.0,267915.0,352540.0,47299.0,323093.0,1026196.0,92463.0,60097.0,17158.0,48270.0,423752.0,375798.0,112917.0,67792.0,81504.0,32086.0,177366.0,63429.0,71729.0,210558.0,7237.0,68645.0,103155.0,4828580.0,466861.0,1012138.0,498113.0,1764537.0,1677435.0,508653.0,10985492.0,23551.0,1610155.0,427349.0,333470.0,2250307.0,1499016.0,498564.0,49585.0,705091.0,1138238.0,98383.0,451969.0,224479.0,1832739.0,304946.0,68.0,129228.0,1483517.0,2089274.0,1393725.0,19314430.0,2222203.0,3223285.0,32327.0,738395.0,1198966.0,263795.0,70032.0,587078.0
162,60352.0,16164.0,728.0,10127.0,279.0,1447.0,850.0,1718.0,73.0,63615.0,5294.0,16334.0,17159.0,209.0,54123.0,301257.0,3973.0,171126.0,62940.0,336765.0,17314.0,6066.0,34179.0,41889.0,9361.0,23807.0,3076.0,36189.0,3790.0,8395.0,57320.0,18552.0,233210.0,36949.0,5422.0,12934.0,5442454.0,122403.0,651734.0,1677.0,40296.0,3371.0,54209.0,7081.0,29869.0,367098.0,2664.0,683068.0,13482.0,1550.0,179131.0,155912.0,120788.0,106423.0,47964.0,75715.0,32870.0,107509.0,18709.0,67964.0,45546.0,8787.0,193766.0,24960.0,46863.0,27541.0,23196.0,30966.0,26673.0,54473.0,286125.0,72430.0,7435.0,94014.0,331856.0,22555.0,281811.0,127968.0,36381.0,29787.0,36024.0,245049.0,27481.0,18050.0,97679.0,106395.0,217548.0,122714.0,51568.0,124421.0,145971.0,214166.0,70739.0,465488.0,98549.0,398579.0,137937.0,205007.0,88774.0,62721.0,4334.0,75401.0,177700.0,84774.0,633181.0,39910.0,30813.0,64148.0,28467.0,100160.0,228807.0,271669.0,3397623.0,383366.0,106451.0,15683.0,105267.0,9416.0,104230.0,112674.0,1030712.0,159012.0,304765.0,910848.0,608291.0,487603.0,1650349.0,406573.0,53340.0,487976.0,892747.0,95981.0,38562.0,19594.0,67281.0,183867.0,704253.0,103214.0,29990.0,30866.0,43275.0,214550.0,1528612.0,155329.0,151825.0,2144.0,72185.0,64111.0,21073629.0,493176.0,440828.0,1465752.0,15676591.0,450602.0,595176.0,14155836.0,12789.0,31221207.0,12044376.0,2094007.0,24641263.0,3972938.0,203706.0,34331.0,631742.0,553534.0,28189.0,180219.0,60905.0,287263.0,18317.0,19.0,32353.0,332524.0,914801.0,370867.0,641236.0,65491.0,533330.0,7625.0,544679.0,411778.0,57982.0,49913.0,208903.0
163,65278.0,13090.0,780.0,9169.0,282.0,1308.0,782.0,1839.0,77.0,47611.0,2117.0,6664.0,7980.0,253.0,27657.0,61594.0,1352.0,12302.0,6773.0,44000.0,8070.0,2758.0,9750.0,7770.0,466.0,24552.0,3338.0,37743.0,4160.0,6426.0,9413.0,3685.0,39027.0,6435.0,1570.0,4588.0,144175.0,25900.0,48277.0,914.0,8425.0,1644.0,23515.0,4048.0,2589.0,40132.0,1433.0,220094.0,14116.0,1099.0,21440.0,24798.0,130419.0,116371.0,46533.0,64509.0,32666.0,97959.0,15668.0,38784.0,45007.0,8526.0,211915.0,25232.0,43978.0,30019.0,24420.0,33354.0,29173.0,33708.0,270174.0,72884.0,7523.0,63167.0,118805.0,8392.0,123129.0,99164.0,28005.0,23661.0,26230.0,229481.0,11257.0,21359.0,121633.0,40522.0,76457.0,42045.0,18121.0,77237.0,92036.0,134144.0,91883.0,71193.0,61743.0,189812.0,68066.0,70277.0,13210.0,28194.0,1990.0,36938.0,49950.0,42014.0,90802.0,20613.0,24842.0,59529.0,8485.0,75257.0,46407.0,37160.0,41233.0,56533.0,9645.0,2653.0,58478.0,4268.0,35517.0,54232.0,290228.0,45932.0,19712.0,67961.0,69351.0,25618.0,84277.0,124310.0,22064.0,201594.0,888313.0,29872.0,2610.0,3260.0,22969.0,103521.0,75941.0,31621.0,9021.0,10050.0,14172.0,15862.0,38419.0,37275.0,139115.0,2123.0,23298.0,23287.0,2033254.0,288929.0,41171.0,176874.0,1011281.0,163313.0,176246.0,2021422.0,2684.0,377778.0,57156.0,16844.0,250959.0,193045.0,24109.0,29702.0,645594.0,717243.0,23836.0,82321.0,47304.0,103040.0,16597.0,22.0,12491.0,108748.0,224942.0,237403.0,3548723.0,878062.0,1147268.0,6439.0,166369.0,190884.0,24505.0,27720.0,129549.0
164,0.0,0.0,0.0,0.0,0.0,0.0,0.0,0.0,0.0,7013.0,102.0,145.0,1667.0,25.0,591.0,8092.0,291.0,203.0,100.0,4344.0,88.0,0.0,627.0,577.0,269.0,90.0,16.0,247.0,0.0,808.0,3699.0,1054.0,475.0,199.0,154.0,110.0,191749.0,48419.0,34229.0,97.0,1092.0,2065.0,15014.0,3293.0,720.0,6104.0,267.0,63407.0,19658.0,162.0,240578.0,182583.0,19367.0,443.0,6084.0,20985.0,48400.0,159501.0,5161.0,192365.0,8825.0,2728.0,112.0,2424.0,107303.0,16533.0,77247.0,1258.0,3475.0,131267.0,108824.0,70017.0,2117.0,103220.0,446691.0,29778.0,60645.0,31041.0,1136.0,4698.0,1268.0,12008.0,6115.0,35402.0,126941.0,16182.0,34453.0,19666.0,11568.0,64047.0,76901.0,116394.0,61732.0,33108.0,11575.0,99270.0,91847.0,172016.0,46617.0,45123.0,3072.0,54151.0,83386.0,60501.0,237237.0,124002.0,25749.0,30918.0,6610.0,87978.0,73712.0,18004.0,22287.0,47187.0,17265.0,2241.0,55394.0,5803.0,30999.0,82536.0,118236.0,28836.0,2724.0,3116.0,2066.0,4582.0,30.0,204465.0,22233.0,199345.0,256738.0,22499.0,40234.0,13944.0,33875.0,426624.0,582659.0,42075.0,3512.0,9011.0,4416.0,135557.0,26203.0,17557.0,65631.0,1720.0,42006.0,30939.0,2354700.0,17814.0,12623.0,47330.0,204004.0,422672.0,192633.0,3993640.0,6576.0,2387244.0,304190.0,101422.0,2150403.0,381310.0,72891.0,14257.0,19753.0,729550.0,47878.0,390103.0,162456.0,559574.0,201372.0,54.0,282221.0,1064302.0,1492403.0,764472.0,23017456.0,11971912.0,4212595.0,87661.0,947488.0,1449197.0,599364.0,8413.0,6455739.0
165,13695.0,210.0,34.0,536.0,85.0,473.0,950.0,323.0,10.0,17317.0,5485.0,3241.0,7078.0,19.0,7034.0,1961.0,404.0,41451.0,716.0,18745.0,480.0,4336.0,1510.0,1210.0,2754.0,18703.0,2810.0,29614.0,7830.0,23212.0,58797.0,13869.0,488056.0,8059.0,2617.0,1242.0,425.0,267941.0,26659.0,58.0,6410.0,879.0,46204.0,2672.0,30171.0,95159.0,8473.0,421247.0,409.0,9464.0,21858.0,28433.0,24867.0,2853.0,25.0,109.0,22591.0,96240.0,121.0,4309.0,263.0,15.0,13.0,0.0,368.0,64.0,52.0,75.0,150.0,15696.0,22164.0,0.0,861.0,16983.0,276967.0,27479.0,21430.0,11535.0,36773.0,1391.0,22951.0,14379.0,13713.0,11736.0,24977.0,44452.0,94646.0,54022.0,19730.0,28822.0,35031.0,52890.0,267128.0,202230.0,354374.0,33501.0,10652.0,64364.0,2168.0,10953.0,2715.0,8186.0,311177.0,8725.0,649670.0,2820.0,24088.0,22795.0,4807.0,70477.0,219676.0,26496.0,38950.0,75321.0,37975.0,6293.0,613274.0,1480.0,84406.0,36777.0,551033.0,28667.0,67633.0,200184.0,128524.0,112785.0,370965.0,22888.0,8032.0,60252.0,356339.0,25424.0,7534.0,838.0,37930.0,124712.0,34566.0,105447.0,53525.0,61957.0,30369.0,135526.0,1144.0,10539.0,167368.0,72765.0,374306.0,586200.0,10440929.0,71431.0,382026.0,470940.0,705871.0,744014.0,576953.0,14268666.0,28657.0,2734549.0,316724.0,133689.0,3295611.0,902687.0,290575.0,6004.0,312635.0,1002498.0,312153.0,887666.0,214855.0,1447746.0,48576.0,40.0,281574.0,929918.0,2689513.0,245557.0,33932664.0,4315908.0,11146058.0,325509.0,3631868.0,2724657.0,274691.0,28332.0,2974591.0
166,80.0,13.0,6.0,695.0,253.0,614.0,43.0,539.0,10.0,1025.0,77.0,839.0,849.0,222.0,1384.0,1118.0,1487.0,416.0,486.0,718.0,13.0,3262.0,355.0,459.0,844.0,2299.0,1709.0,27.0,56.0,745.0,3156.0,2990.0,605.0,205.0,193.0,57.0,16495.0,334.0,1728.0,490.0,7480.0,0.0,84.0,15.0,24.0,3972.0,13.0,174.0,55.0,16.0,48.0,503.0,0.0,0.0,0.0,0.0,1600.0,20704.0,34.0,645.0,209.0,143.0,12.0,70.0,1057.0,555.0,69.0,0.0,0.0,221.0,40920.0,0.0,14.0,386.0,566.0,29.0,6814.0,400.0,272.0,0.0,2.0,34.0,129.0,16.0,74.0,12.0,439.0,774.0,3242.0,59.0,10348.0,20752.0,847970.0,26403.0,86398.0,219713.0,61714.0,111086.0,12202.0,29696.0,1980.0,34141.0,67802.0,38920.0,359064.0,15748.0,8196.0,9993.0,1968.0,28419.0,80596.0,14005.0,17952.0,455.0,167.0,427.0,2251.0,242.0,1623.0,10781.0,184131.0,9284.0,22393.0,66281.0,42555.0,35452.0,122820.0,10854.0,154.0,1861.0,468975.0,18457.0,10112.0,120.0,2208.0,17194.0,148795.0,94988.0,46673.0,18735.0,452.0,170.0,275.0,11466.0,73793.0,63038.0,7763.0,1548.0,9324.0,592.0,6069.0,448.0,5325.0,900547.0,894733.0,5760425.0,10922.0,3220682.0,526284.0,209599.0,2726686.0,1352085.0,21282.0,29715.0,221189.0,10758911.0,3967169.0,1209961.0,3616630.0,3161248.0,1257001.0,293.0,251255.0,9880840.0,10960865.0,6805154.0,485306.0,334401.0,79430.0,27351.0,4853456.0,1290309.0,1799738.0,35669.0,226474.0
167,0.0,0.0,0.0,0.0,0.0,0.0,0.0,0.0,11.0,0.0,0.0,0.0,0.0,0.0,0.0,0.0,0.0,0.0,0.0,0.0,0.0,0.0,0.0,0.0,0.0,0.0,0.0,0.0,0.0,0.0,0.0,0.0,0.0,0.0,0.0,0.0,0.0,0.0,0.0,0.0,0.0,0.0,0.0,0.0,5.0,1091.0,126.0,0.0,0.0,0.0,0.0,0.0,43420.0,4830.0,0.0,0.0,882.0,603737.0,0.0,1061889.0,31534.0,41527.0,235.0,72504.0,424409.0,61949.0,604403.0,20229.0,2179802.0,1024.0,47011.0,0.0,0.0,580654.0,3536074.0,0.0,0.0,177178.0,0.0,14810.0,0.0,62705.0,24263.0,165769.0,383925.0,0.0,0.0,0.0,0.0,1454727.0,657842.0,1855430.0,70140.0,237608.0,377083.0,2613043.0,98095.0,427520.0,98284.0,511145.0,21397.0,729167.0,885167.0,47070.0,472815.0,385660.0,619156.0,253939.0,51769.0,699123.0,117743.0,131148.0,138750.0,14961.0,0.0,1194.0,8229.0,0.0,10092.0,82683.0,271294.0,1327.0,0.0,1.0,0.0,14148.0,172.0,1384641.0,146846.0,1800289.0,3332948.0,0.0,0.0,0.0,0.0,1224570.0,1341.0,0.0,54.0,460.0,286.0,225.0,2430.0,202437.0,698699.0,46506.0,9577.0,5835.0,2081193.0,1626.0,5055.0,7780.0,1168.0,1086660.0,451735.0,3898778.0,81296.0,2344261.0,220042.0,2345.0,2197351.0,1682762.0,64803.0,103051.0,74118.0,4404843.0,23839748.0,14049373.0,2637946.0,6138376.0,1983068.0,6158.0,466356.0,13048959.0,25701503.0,15828015.0,5561429.0,105470.0,720109.0,99919.0,2267498.0,377509.0,826878.0,97.0,1116923.0
168,124.0,131.0,358.0,11.0,3.0,19.0,42.0,5.0,9.0,19226.0,2404.0,3315.0,11303.0,351.0,2363.0,63259.0,249.0,931.0,6241.0,18471.0,1721.0,1454.0,780.0,1483.0,1375.0,264.0,600.0,1467.0,3015.0,51466.0,516380.0,299232.0,136103.0,21905.0,6464.0,2903.0,1392789.0,585676.0,375370.0,4234.0,17150.0,8849.0,65196.0,7753.0,5742.0,107445.0,2229.0,430078.0,35029.0,5166.0,443744.0,335617.0,59200.0,3248.0,12168.0,43085.0,95361.0,448495.0,12239.0,493848.0,19358.0,4459.0,208.0,39261.0,188070.0,38896.0,143911.0,58.0,2983.0,266001.0,374352.0,132520.0,1386.0,150798.0,681745.0,45448.0,407197.0,79596.0,62054.0,29087.0,42871.0,122658.0,18241.0,57528.0,362711.0,253934.0,540663.0,308600.0,118798.0,512739.0,383215.0,536601.0,465216.0,234348.0,251652.0,1049439.0,247731.0,532275.0,50423.0,222345.0,11201.0,356527.0,372698.0,434565.0,165959.0,124984.0,104722.0,125741.0,26123.0,354057.0,330292.0,631908.0,154119.0,438184.0,122212.0,19727.0,209503.0,21140.0,169012.0,291531.0,1509465.0,111229.0,168247.0,497989.0,319723.0,281420.0,922891.0,1434372.0,233425.0,1587367.0,838872.0,64606.0,10315.0,3125.0,67660.0,183331.0,1027151.0,253582.0,33094.0,64020.0,128114.0,371406.0,46094.0,103429.0,493249.0,16617.0,172907.0,173748.0,17128679.0,1265894.0,209922.0,908384.0,6086962.0,2758371.0,2477748.0,40109984.0,348674.0,8542598.0,5159169.0,747329.0,8499737.0,5860150.0,3324991.0,236326.0,425909.0,1427375.0,2143269.0,47738456.0,21013559.0,6513069.0,1095251.0,9693.0,1169602.0,10650857.0,11666878.0,7192464.0,26338835.0,2482452.0,8223155.0,313020.0,4198219.0,1979114.0,1169102.0,418197.0,3672847.0
169,0.0,0.0,0.0,0.0,0.0,0.0,0.0,0.0,0.0,0.0,0.0,0.0,0.0,0.0,0.0,0.0,0.0,0.0,0.0,0.0,0.0,0.0,0.0,0.0,0.0,0.0,0.0,0.0,0.0,0.0,0.0,0.0,0.0,0.0,0.0,0.0,2821214.0,104427.0,83169.0,9214.0,38461.0,19261.0,141899.0,16876.0,12499.0,233856.0,4851.0,907857.0,1166.0,5312.0,26695.0,209076.0,7296.0,791.0,0.0,0.0,732.0,12236.0,1827.0,109451.0,3202.0,399.0,17.0,0.0,22071.0,0.0,0.0,3455.0,0.0,9438.0,911.0,1328.0,2548.0,12194.0,181323.0,12088.0,102670.0,70995.0,8493.0,7422.0,10940.0,31377.0,31463.0,5357.0,26668.0,70544.0,150197.0,85729.0,30626.0,7013.0,14248.0,25140.0,21462.0,44070.0,21468.0,356961.0,49135.0,91350.0,9944.0,23976.0,1632.0,30982.0,56971.0,80517.0,821677.0,12929.0,7715.0,9264.0,1996.0,26135.0,127780.0,22996.0,28671.0,107937.0,17100.0,3636.0,77326.0,8007.0,53972.0,113234.0,46731.0,38586.0,54.0,161.0,103.0,2041.0,307.0,12285.0,0.0,111.0,605706.0,62365.0,2938.0,3108.0,1186.0,202596.0,64417.0,11859.0,1570.0,6757.0,12016.0,8113.0,8785.0,27587.0,173104.0,0.0,63726.0,20378.0,17925140.0,36042.0,75252.0,194053.0,492442.0,934798.0,1979935.0,9032479.0,63942.0,2626103.0,479546.0,185370.0,1034712.0,918384.0,502428.0,39196.0,32436.0,1265564.0,1177928.0,12714542.0,19266736.0,4920667.0,1559422.0,5481.0,1360941.0,8583675.0,25444920.0,6154578.0,7815143.0,865880.0,1343244.0,53940.0,2321029.0,888249.0,1071537.0,147454.0,825636.0
170,2105130.0,1222723.0,78483.0,703231.0,36411.0,97425.0,131288.0,206667.0,3958.0,1739198.0,80887.0,268086.0,246673.0,3487.0,534167.0,3315895.0,168827.0,1559634.0,780541.0,5425527.0,978362.0,90528.0,930360.0,589001.0,55729.0,1119551.0,247985.0,4075214.0,190056.0,746581.0,2285111.0,1235000.0,7545083.0,1578045.0,254084.0,550169.0,7958638.0,3674646.0,6023394.0,54845.0,337750.0,110924.0,1123085.0,164272.0,140893.0,825288.0,29753.0,5191515.0,534292.0,41685.0,432624.0,866861.0,1310765.0,1615483.0,393737.0,776360.0,381330.0,3449580.0,201687.0,1403159.0,128519.0,120080.0,1051830.0,790610.0,1076529.0,237738.0,683627.0,121276.0,465263.0,2595298.0,1817551.0,860347.0,67355.0,853089.0,6234244.0,221836.0,2666651.0,2203333.0,23946.0,153621.0,135385.0,633946.0,360073.0,158363.0,1620399.0,487153.0,1087061.0,495171.0,237808.0,1082568.0,1717675.0,1210744.0,664352.0,1112480.0,5330665.0,2200210.0,756376.0,937949.0,184008.0,576872.0,14422.0,799230.0,859980.0,615387.0,621812.0,225230.0,1003223.0,1232294.0,96445.0,1490208.0,475326.0,525543.0,1151887.0,1472556.0,1605795.0,96981.0,845705.0,140874.0,363470.0,1219370.0,3855506.0,570165.0,725612.0,1086620.0,935515.0,1007057.0,442791.0,1468025.0,250495.0,1924995.0,7196465.0,770374.0,84295.0,49163.0,508262.0,3759907.0,1662961.0,470465.0,128764.0,210807.0,258784.0,527604.0,550173.0,401957.0,14254595.0,515578.0,346667.0,329797.0,20678658.0,3147029.0,451647.0,2151451.0,9017419.0,14699856.0,10324117.0,115337357.0,300989.0,13282585.0,1991371.0,872334.0,8252118.0,3569616.0,1501591.0,1395726.0,9801482.0,1707150.0,676388.0,7586189.0,1536042.0,17692112.0,4874586.0,342923.0,2062160.0,15250067.0,10072952.0,24065907.0,5335008.0,2483632.0,3847816.0,179878.0,2310776.0,4179426.0,2162835.0,2251607.0,14103766.0
171,2876.0,1737.0,309.0,1946.0,80.0,163.0,155.0,344.0,3.0,967.0,37.0,458.0,207.0,215.0,2451.0,1232.0,537.0,4272.0,2209.0,13832.0,1800.0,408.0,2699.0,1733.0,179.0,112.0,1.0,16.0,0.0,582.0,13651.0,7244.0,32181.0,3353.0,551.0,1359.0,64738.0,2321337.0,330662.0,566.0,2964.0,1183.0,13908.0,2985.0,2339.0,11633.0,528.0,26364.0,3339.0,243.0,12544.0,3579.0,16.0,303.0,2.0,5.0,4.0,21.0,2.0,123.0,204.0,100.0,101.0,114.0,212.0,2.0,6.0,2.0,0.0,21.0,186.0,8.0,185.0,1989.0,51858.0,3153.0,8678.0,7556.0,53.0,245.0,414.0,2699.0,183.0,38.0,335.0,228.0,506.0,178.0,402.0,550.0,1762.0,2812.0,1151.0,513.0,40098.0,4229.0,1432.0,1973.0,251.0,707.0,26.0,946.0,6049.0,800.0,7921.0,304.0,5189.0,0.0,223.0,500.0,34.0,134.0,111.0,475.0,288.0,19.0,129.0,21.0,66.0,2124.0,197711.0,32725.0,8417.0,96610.0,50139.0,72388.0,250550.0,54845.0,13032.0,94827.0,368712.0,9959.0,1051.0,1162.0,6732.0,51272.0,142552.0,1129.0,1734.0,1011.0,0.0,0.0,380.0,11749.0,54953.0,2623.0,6263.0,3874.0,2474697.0,181753.0,15348.0,202208.0,653784.0,576124.0,795228.0,4853734.0,2649.0,37810.0,672717.0,465929.0,511331.0,891689.0,386312.0,22095.0,95369.0,249326.0,154837.0,2510312.0,119135.0,24453127.0,1621770.0,6653.0,252027.0,4370156.0,30402.0,602511.0,102131.0,2490.0,716377.0,670.0,107427.0,287403.0,6256.0,2299.0,273011.0
172,0.0,0.0,0.0,0.0,0.0,0.0,0.0,0.0,0.0,0.0,0.0,0.0,0.0,0.0,0.0,0.0,0.0,0.0,0.0,0.0,0.0,0.0,0.0,0.0,0.0,0.0,0.0,0.0,0.0,0.0,0.0,0.0,0.0,0.0,0.0,0.0,0.0,0.0,0.0,0.0,0.0,0.0,0.0,0.0,0.0,0.0,0.0,0.0,0.0,0.0,0.0,0.0,0.0,0.0,0.0,0.0,0.0,0.0,0.0,0.0,0.0,0.0,0.0,0.0,0.0,0.0,0.0,0.0,0.0,0.0,0.0,0.0,0.0,0.0,0.0,0.0,0.0,0.0,0.0,0.0,0.0,0.0,0.0,0.0,0.0,0.0,0.0,0.0,0.0,0.0,0.0,0.0,0.0,0.0,0.0,0.0,0.0,0.0,0.0,0.0,0.0,0.0,0.0,0.0,0.0,0.0,0.0,0.0,0.0,0.0,0.0,0.0,0.0,0.0,0.0,0.0,0.0,0.0,0.0,0.0,0.0,0.0,0.0,0.0,0.0,0.0,0.0,0.0,0.0,0.0,0.0,0.0,0.0,0.0,0.0,0.0,0.0,0.0,0.0,0.0,0.0,0.0,0.0,0.0,0.0,0.0,0.0,0.0,0.0,0.0,0.0,0.0,0.0,0.0,0.0,0.0,0.0,0.0,0.0,0.0,0.0,0.0,0.0,0.0,0.0,0.0,0.0,0.0,0.0,0.0,0.0,0.0,0.0,0.0,0.0,0.0,0.0,0.0,0.0,0.0,0.0,0.0,0.0,0.0,0.0
173,12028.0,10880.0,28.0,10850.0,247.0,2799.0,675.0,934.0,10.0,2058.0,1231.0,493.0,4733.0,33.0,1077.0,4017.0,289.0,794.0,143.0,6284.0,469.0,0.0,1107.0,926.0,540.0,180.0,0.0,117.0,0.0,11057.0,16550.0,5409.0,156818.0,21783.0,2547.0,10473.0,1319385.0,417327.0,886706.0,1299.0,28456.0,523.0,49336.0,12798.0,66989.0,22288.0,6483.0,518839.0,416.0,1077.0,23574.0,101320.0,3822.0,2575.0,8620.0,21845.0,4253.0,30567.0,19107.0,25134.0,4697.0,391.0,120.0,0.0,54681.0,0.0,0.0,16.0,0.0,45233.0,39657.0,0.0,1166.0,19551.0,256799.0,20600.0,328509.0,342117.0,631.0,4327.0,3866.0,3624.0,16310.0,11394.0,108216.0,21154.0,47769.0,17244.0,10267.0,33890.0,52693.0,48312.0,32583.0,33929.0,315398.0,38633.0,15916.0,15486.0,2881.0,7683.0,272.0,10970.0,12532.0,8393.0,6609.0,3601.0,89457.0,45407.0,6099.0,93491.0,14296.0,14073.0,36603.0,72745.0,49327.0,4116.0,52975.0,9869.0,44596.0,76464.0,117836.0,22597.0,4325.0,27560.0,21152.0,26644.0,41415.0,11030.0,2244.0,19804.0,569685.0,30689.0,3611.0,3260.0,1006.0,139213.0,145159.0,2152.0,5540.0,26021.0,26161.0,20743.0,25968.0,3929.0,55346.0,12519.0,65.0,71.0,2124690.0,59667.0,57825.0,637198.0,709875.0,682481.0,369136.0,3780107.0,17980.0,362663.0,100507.0,33734.0,525751.0,142445.0,29175.0,73603.0,335374.0,769417.0,389378.0,990263.0,171276.0,9590635.0,6612873.0,97871.0,7947225.0,455907.0,2496251.0,1131007.0,25387.0,878.0,7201.0,1.0,156131.0,293489.0,48283.0,9525.0,189276.0
174,3522.0,1304.0,96.0,760.0,47.0,139.0,120.0,248.0,12.0,0.0,0.0,1532.0,1389.0,0.0,520.0,0.0,0.0,738.0,153.0,4797.0,183.0,1611.0,774.0,186.0,600.0,3590.0,115.0,6955.0,891.0,344.0,1994.0,937.0,2706.0,688.0,168.0,239.0,4929107.0,930772.0,1654014.0,7972.0,66096.0,16617.0,380512.0,75342.0,87893.0,604226.0,2666.0,6082062.0,123439.0,77753.0,464318.0,520014.0,120389.0,19336.0,174111.0,199364.0,165342.0,151386.0,15509.0,105899.0,48933.0,2790.0,141.0,9382.0,69163.0,4279.0,13246.0,33859.0,51530.0,405062.0,538137.0,37365.0,1303.0,65089.0,199131.0,13286.0,180757.0,121474.0,4331.0,13971.0,0.0,2732.0,91781.0,168723.0,243702.0,64787.0,147594.0,77616.0,31441.0,213340.0,252055.0,378904.0,245651.0,221621.0,1036675.0,488264.0,187291.0,550730.0,87085.0,92309.0,6283.0,116144.0,250070.0,250312.0,863095.0,165521.0,69657.0,83638.0,17559.0,312874.0,341504.0,916893.0,138357.0,376175.0,100145.0,22800.0,295229.0,33734.0,254723.0,414006.0,158568.0,20182.0,31922.0,87442.0,56187.0,60093.0,175171.0,67112.0,6466.0,59074.0,353133.0,147563.0,3170.0,5285.0,182415.0,307034.0,398103.0,102071.0,122059.0,117825.0,94998.0,269543.0,44726.0,475722.0,26839.0,56.0,285486.0,98152.0,33240252.0,691818.0,239611.0,2073559.0,8641698.0,6581334.0,5477965.0,79930742.0,6918.0,6407175.0,622527.0,281512.0,3008247.0,1689077.0,627867.0,291998.0,1536241.0,1649753.0,631607.0,5835012.0,2360267.0,6067404.0,968819.0,1982.0,1276874.0,4095864.0,9465271.0,4054950.0,5734144.0,3063858.0,1249528.0,199603.0,10085514.0,5379543.0,1898272.0,4406489.0,17660298.0
175,0.0,0.0,0.0,0.0,0.0,0.0,0.0,0.0,0.0,124.0,87.0,720.0,139.0,114.0,439.0,0.0,96.0,293.0,282.0,853.0,227.0,594.0,684.0,376.0,293.0,8806.0,4400.0,2833.0,0.0,368.0,5.0,1.0,6276.0,103.0,68.0,75.0,16517068.0,1336852.0,2851058.0,1305.0,254582.0,16300.0,871227.0,177689.0,75237.0,1955130.0,48198.0,4059185.0,21450.0,2798.0,540409.0,1347272.0,13087.0,897.0,4681.0,16688.0,4815.0,326244.0,3228.0,251390.0,16538.0,1117.0,75.0,59.0,316632.0,30818.0,209053.0,16701.0,12707.0,60443.0,206229.0,23121.0,2191.0,152765.0,2638964.0,159033.0,659844.0,347781.0,32227.0,38793.0,51276.0,496258.0,133741.0,30747.0,163960.0,338267.0,720387.0,469356.0,171550.0,276825.0,250730.0,309498.0,283677.0,207402.0,3786916.0,597998.0,196925.0,569662.0,40934.0,95856.0,6525.0,84567.0,359814.0,148971.0,901924.0,285185.0,28120.0,30205.0,7353.0,97779.0,129339.0,123230.0,185426.0,410160.0,152452.0,14381.0,123612.0,46803.0,82616.0,103352.0,964586.0,380639.0,638474.0,1884705.0,1214052.0,1040802.0,3485527.0,1303315.0,138860.0,1463947.0,2678404.0,267280.0,75713.0,373888.0,130496.0,2344086.0,123238.0,76982.0,11934.0,24645.0,35765.0,497925.0,40053.0,163862.0,7984512.0,479755.0,379023.0,183349.0,73891082.0,1431675.0,977647.0,5771744.0,35197021.0,4593510.0,2553709.0,29873811.0,131870.0,9708118.0,1501046.0,769445.0,7370100.0,4369526.0,726513.0,119236.0,304052.0,6767159.0,5473941.0,19113309.0,11284489.0,13495842.0,1909129.0,7760.0,1675665.0,29367072.0,23295163.0,8089121.0,37190996.0,7688594.0,28088711.0,909731.0,14157257.0,10757591.0,1493283.0,31996.0,1009404.0
176,49406.0,54044.0,5031.0,42168.0,2522.0,21672.0,12857.0,5983.0,9.0,144353.0,14073.0,54446.0,117290.0,1315.0,11492.0,824391.0,6979.0,104630.0,10474.0,66236.0,2765.0,886.0,8069.0,19269.0,3476.0,100123.0,4967.0,698144.0,63520.0,574413.0,1639800.0,888081.0,625911.0,157077.0,23911.0,25369.0,7998238.0,1793021.0,2379065.0,29374.0,178266.0,6368.0,664148.0,109206.0,148457.0,1765825.0,24632.0,10997091.0,251414.0,34794.0,910362.0,1174257.0,121295.0,11807.0,46377.0,146192.0,149467.0,41605.0,4322.0,241509.0,49472.0,1502.0,101.0,1914.0,238446.0,127.0,92820.0,20513.0,26389.0,1203018.0,411318.0,66853.0,2238.0,146327.0,2228068.0,147889.0,627059.0,337708.0,51377.0,35777.0,50222.0,276122.0,136137.0,50201.0,187810.0,273484.0,443062.0,166097.0,198905.0,481603.0,572237.0,947003.0,478135.0,123967.0,6855884.0,976206.0,326047.0,610128.0,66395.0,160081.0,10896.0,176535.0,401420.0,223079.0,674453.0,238111.0,76094.0,91367.0,21003.0,225313.0,251497.0,62157.0,75660.0,819584.0,201824.0,33200.0,506601.0,54330.0,495660.0,869686.0,335817.0,22066.0,0.0,0.0,0.0,12438.0,111.0,1882945.0,211416.0,1969564.0,1108735.0,95647.0,12902.0,4035.0,435429.0,926069.0,227952.0,68326.0,49511.0,94569.0,442235.0,273924.0,136850.0,419163.0,4689531.0,213048.0,702333.0,292398.0,18253767.0,441740.0,1102490.0,1644115.0,7180085.0,4035111.0,3295159.0,28159428.0,312323.0,18013183.0,4931886.0,1490409.0,5222758.0,6137240.0,598633.0,309592.0,358523.0,2797906.0,2125977.0,29602415.0,7503621.0,23650395.0,1212890.0,6399.0,443961.0,9589175.0,10929056.0,4295048.0,12413046.0,4911249.0,5219676.0,378105.0,8586514.0,6621626.0,7343096.0,2355998.0,4459539.0
177,0.0,0.0,0.0,0.0,0.0,0.0,0.0,0.0,0.0,0.0,5632.0,0.0,27002.0,0.0,20251.0,0.0,23708.0,162760.0,19514.0,127724.0,5964.0,9952.0,113916.0,30913.0,376.0,0.0,0.0,0.0,0.0,0.0,0.0,0.0,21150.0,0.0,0.0,0.0,510786.0,1034283.0,454535.0,1348.0,6379.0,2817.0,20756.0,2468.0,1828.0,34207.0,710.0,118362.0,41148.0,2789.0,46219.0,39228.0,94168.0,10840.0,3074.0,12707.0,11850.0,60277.0,2089.0,40868.0,3771.0,733.0,84.0,1438.0,2285.0,946.0,1942.0,0.0,0.0,78806.0,31713.0,0.0,0.0,12715.0,45814.0,3054.0,90062.0,48403.0,7580.0,7155.0,8455.0,157043.0,20176.0,3399.0,16871.0,7189.0,15307.0,8737.0,3819.0,155275.0,76762.0,96006.0,42890.0,7598.0,39766.0,72570.0,40316.0,72156.0,37863.0,11986.0,816.0,121196.0,26300.0,19840.0,34832.0,6464.0,14716.0,17669.0,3719.0,48922.0,15352.0,4011.0,5907.0,31007.0,11346.0,1290.0,14143.0,1421.0,8106.0,24014.0,178838.0,9499.0,22906.0,67798.0,43528.0,37843.0,113133.0,14226.0,3260.0,8390.0,251424.0,60181.0,8873.0,7213.0,26466.0,127450.0,36010.0,13859.0,3174.0,5116.0,5060.0,14522.0,10414.0,13067.0,157296.0,16478.0,175897.0,36897.0,475708.0,82813.0,22806.0,58449.0,394066.0,88503.0,73348.0,924162.0,834571.0,1222702.0,234904.0,40108.0,684105.0,419220.0,138777.0,15409.0,80283.0,605118.0,1714040.0,19285342.0,1156717.0,639233.0,246559.0,189.0,19131.0,5627300.0,3381535.0,324919.0,1063718.0,107492.0,2188051.0,64910.0,426817.0,180285.0,10969.0,8918.0,14167.0
178,0.0,0.0,0.0,0.0,0.0,0.0,0.0,0.0,0.0,0.0,0.0,0.0,0.0,0.0,0.0,0.0,0.0,0.0,0.0,0.0,0.0,0.0,0.0,0.0,0.0,0.0,0.0,0.0,0.0,0.0,0.0,0.0,0.0,0.0,0.0,0.0,0.0,0.0,0.0,0.0,0.0,0.0,0.0,0.0,0.0,0.0,0.0,0.0,0.0,0.0,0.0,0.0,0.0,0.0,0.0,0.0,0.0,0.0,0.0,0.0,0.0,0.0,0.0,0.0,0.0,0.0,0.0,0.0,0.0,0.0,4099.0,0.0,0.0,20.0,16.0,21.0,0.0,0.0,0.0,0.0,0.0,0.0,0.0,0.0,0.0,0.0,0.0,0.0,0.0,0.0,0.0,0.0,0.0,0.0,0.0,86.0,29.0,49.0,6.0,0.0,0.0,0.0,0.0,20.0,0.0,0.0,1.0,1.0,0.0,5.0,0.0,0.0,0.0,1334.0,0.0,0.0,0.0,0.0,0.0,80.0,25507.0,0.0,19.0,31.0,0.0,25.0,0.0,20.0,0.0,0.0,0.0,0.0,0.0,0.0,0.0,62.0,22.0,103.0,61.0,18.0,120.0,96.0,0.0,38.0,112.0,0.0,339.0,622.0,0.0,0.0,0.0,0.0,0.0,31.0,11.0,235.0,0.0,0.0,3249.0,0.0,0.0,91.0,0.0,6.0,103.0,0.0,3824.0,0.0,0.0,10949.0,3821.0,9.0,13.0,0.0,3997.0,65.0,1695057.0,3273938.0,850274.0,62894.0,72884.0,119859.0,1.0,3.0,84499.0
179,2787.0,1565.0,15.0,969.0,49.0,305.0,166.0,109.0,6.0,0.0,0.0,183.0,136.0,0.0,0.0,0.0,0.0,0.0,0.0,15.0,0.0,0.0,0.0,0.0,0.0,390.0,16.0,288.0,143.0,0.0,0.0,0.0,1303.0,96.0,37.0,31.0,1670.0,7171.0,4036.0,0.0,0.0,0.0,0.0,0.0,0.0,0.0,0.0,0.0,741.0,2.0,281.0,39.0,0.0,0.0,0.0,0.0,1716.0,15253.0,1501.0,0.0,0.0,0.0,0.0,0.0,0.0,0.0,0.0,0.0,0.0,6263.0,887.0,0.0,19.0,323.0,500.0,21.0,43.0,49.0,0.0,91.0,0.0,0.0,381.0,0.0,17054.0,0.0,0.0,0.0,4.0,0.0,0.0,908.0,0.0,32.0,0.0,7894.0,2670.0,4999.0,544.0,1311.0,89.0,2541.0,6577.0,2899.0,11888.0,707.0,828.0,994.0,202.0,2735.0,214.0,4805.0,82717.0,11993.0,0.0,0.0,0.0,0.0,40.0,1994.0,157.0,0.0,0.0,0.0,0.0,7.0,0.0,50.0,0.0,0.0,2367.0,361.0,39.0,293.0,1549.0,201.0,0.0,502.0,18.0,9.0,0.0,0.0,69.0,98.0,3.0,0.0,0.0,358.0,0.0,14196.0,0.0,0.0,0.0,18130.0,11656.0,27128.0,0.0,0.0,0.0,0.0,0.0,268.0,34.0,90.0,792.0,0.0,55.0,0.0,0.0,6427.0,86488.0,6.0,2907.0,115940.0,82127.0,8377.0,85707.0,39591.0,876893.0,185.0,76659.0,352502.0,358.0,0.0,654433.0
180,0.0,0.0,0.0,0.0,0.0,0.0,0.0,0.0,0.0,0.0,0.0,0.0,0.0,0.0,0.0,0.0,0.0,0.0,0.0,0.0,0.0,0.0,0.0,0.0,0.0,0.0,0.0,0.0,0.0,0.0,0.0,0.0,0.0,0.0,0.0,0.0,0.0,0.0,0.0,0.0,0.0,0.0,0.0,0.0,0.0,0.0,0.0,0.0,0.0,0.0,0.0,0.0,0.0,0.0,0.0,0.0,0.0,0.0,0.0,0.0,0.0,0.0,0.0,0.0,0.0,0.0,0.0,0.0,0.0,0.0,0.0,0.0,0.0,0.0,0.0,0.0,0.0,0.0,0.0,0.0,0.0,0.0,233.0,0.0,1611.0,0.0,0.0,0.0,248.0,0.0,0.0,141.0,0.0,0.0,0.0,0.0,0.0,0.0,0.0,0.0,0.0,0.0,0.0,0.0,0.0,0.0,0.0,0.0,0.0,0.0,0.0,0.0,4366.0,0.0,0.0,0.0,0.0,0.0,0.0,0.0,0.0,0.0,0.0,0.0,0.0,0.0,0.0,0.0,0.0,0.0,0.0,0.0,0.0,0.0,0.0,0.0,0.0,0.0,0.0,0.0,0.0,0.0,0.0,788.0,0.0,0.0,0.0,0.0,0.0,0.0,0.0,0.0,0.0,0.0,0.0,1060.0,0.0,0.0,0.0,0.0,0.0,0.0,0.0,0.0,0.0,0.0,0.0,0.0,0.0,29315.0,3655.0,12.0,0.0,0.0,0.0,94436.0,0.0,0.0,0.0,0.0,51855.0,75.0,281.0,1949.0,1383.0
181,0.0,0.0,0.0,0.0,0.0,0.0,0.0,0.0,0.0,0.0,0.0,0.0,0.0,0.0,0.0,0.0,0.0,0.0,0.0,0.0,0.0,0.0,0.0,0.0,0.0,0.0,0.0,0.0,0.0,0.0,0.0,0.0,0.0,0.0,0.0,0.0,328400.0,74852.0,567978.0,635.0,2298.0,1327.0,9778.0,1163.0,861.0,16115.0,334.0,24469.0,357.0,318.0,65752.0,92492.0,577.0,42.0,595.0,1879.0,153.0,8400.0,403.0,3736.0,615.0,93.0,18.0,0.0,2806.0,0.0,0.0,63.0,15738.0,371.0,5178.0,891.0,117.0,0.0,38093.0,2539.0,25124.0,13481.0,1614.0,1225.0,1801.0,5162.0,953.0,1371.0,8523.0,42838.0,91209.0,52060.0,18763.0,27198.0,32084.0,47544.0,23823.0,49942.0,10327.0,162367.0,54922.0,102685.0,11184.0,26966.0,1835.0,7575.0,53798.0,33905.0,88120.0,14541.0,1455.0,1747.0,356.0,4937.0,15889.0,17928.0,20266.0,71484.0,30256.0,2957.0,8252.0,655.0,3339.0,11727.0,564158.0,25312.0,69360.0,205297.0,131806.0,111250.0,380424.0,149580.0,16834.0,152280.0,108394.0,9529.0,5547.0,526.0,7755.0,4227.0,10939.0,5043.0,801.0,455.0,1200.0,14344.0,1078.0,6145.0,25595.0,31796.0,54701.0,12757.0,807362.0,11626.0,11049.0,48760.0,229766.0,106239.0,90499.0,1881358.0,38190.0,4161200.0,285110.0,176848.0,1804674.0,510345.0,158702.0,19702.0,26535.0,140735.0,15776.0,324630.0,14809.0,4887182.0,763104.0,93.0,202139.0,31070.0,3288499.0,267847.0,2580705.0,905140.0,740716.0,98890.0,5792200.0,1216441.0,32361.0,11733.0,1015454.0
182,0.0,0.0,0.0,0.0,0.0,0.0,0.0,0.0,0.0,0.0,0.0,1228.0,243.0,7.0,0.0,0.0,0.0,0.0,0.0,0.0,0.0,0.0,0.0,0.0,0.0,7282.0,275.0,20400.0,8546.0,1656.0,0.0,0.0,15344.0,2815.0,305.0,1341.0,396552.0,339068.0,168725.0,7098.0,26501.0,14836.0,109304.0,12999.0,9628.0,180139.0,3737.0,77044.0,7520.0,4327.0,51207.0,56803.0,29688.0,2060.0,1061.0,4019.0,5284.0,36402.0,3352.0,960.0,179.0,402.0,9.0,124.0,641.0,392.0,93.0,133.0,76.0,19266.0,2366.0,802.0,161.0,4913.0,7620.0,185.0,387.0,423.0,4808.0,368.0,13.0,642.0,1511.0,566.0,68298.0,82.0,175.0,100.0,35.0,463768.0,144929.0,221799.0,4964.0,25649.0,27116.0,418248.0,112969.0,260172.0,28340.0,68328.0,4651.0,120783.0,118003.0,17910.0,221527.0,89546.0,1319.0,1583.0,322.0,4376.0,12529.0,13990.0,16486.0,6109.0,2235.0,364.0,7178.0,753.0,3821.0,10122.0,76009.0,16771.0,2157.0,3946.0,6374.0,80.0,0.0,8120.0,537.0,9.0,25793.0,3898.0,455.0,2068.0,2220.0,4494.0,66.0,11115.0,538.0,1125.0,413.0,275.0,128.0,2805.0,3951.0,112.0,7739.0,82.0,185558.0,42846.0,533.0,43842.0,133216.0,801265.0,333471.0,2235752.0,4261.0,2593093.0,684056.0,144192.0,1223418.0,1321433.0,48130.0,5013.0,35419.0,10836.0,1508.0,45825.0,3651.0,411253.0,942018.0,85.0,237085.0,1066090.0,1649514.0,312042.0,5253292.0,240524.0,493980.0,0.0,214439.0,1628466.0,181915.0,0.0,1102423.0
183,0.0,0.0,0.0,0.0,0.0,0.0,0.0,0.0,0.0,0.0,0.0,0.0,0.0,0.0,0.0,0.0,0.0,0.0,0.0,0.0,0.0,0.0,0.0,0.0,0.0,0.0,0.0,0.0,0.0,0.0,0.0,0.0,0.0,0.0,0.0,0.0,0.0,0.0,0.0,0.0,0.0,0.0,0.0,0.0,0.0,0.0,0.0,0.0,0.0,0.0,0.0,0.0,0.0,0.0,0.0,0.0,0.0,0.0,0.0,0.0,0.0,0.0,0.0,0.0,0.0,0.0,0.0,0.0,0.0,0.0,0.0,0.0,0.0,0.0,0.0,0.0,0.0,0.0,0.0,0.0,0.0,0.0,0.0,0.0,0.0,0.0,0.0,0.0,0.0,0.0,11366.0,22928.0,0.0,0.0,8858.0,16.0,6.0,10.0,1182.0,0.0,0.0,0.0,0.0,0.0,0.0,0.0,0.0,0.0,0.0,0.0,558.0,620.0,766.0,0.0,0.0,0.0,0.0,0.0,0.0,0.0,0.0,0.0,0.0,0.0,0.0,0.0,0.0,0.0,0.0,0.0,0.0,0.0,0.0,0.0,0.0,0.0,0.0,0.0,0.0,0.0,0.0,0.0,0.0,21416.0,523.0,1104.0,819.0,58071.0,0.0,0.0,0.0,0.0,0.0,154279.0,98273.0,1237990.0,0.0,0.0,0.0,0.0,0.0,132273.0,3504.0,13024.0,219513.0,11452389.0,3413329.0,20052.0,33414.0,62902.0,451.0,3.0,42008.0,2337862.0,1654192.0,45782.0,238261.0,14800.0,17628.0,129514.0,9549.0,17557.0,288299.0,2633.0,8092.0
184,0.0,0.0,0.0,0.0,0.0,0.0,0.0,0.0,0.0,15966.0,785.0,319.0,2644.0,8.0,27.0,602.0,0.0,18.0,11.0,4.0,7.0,398.0,66.0,21.0,0.0,1880.0,20.0,3623.0,414.0,281095.0,1343.0,191.0,17444.0,1285.0,161.0,356.0,0.0,260.0,4104.0,14.0,917.0,106.0,3987.0,345.0,2723.0,1253.0,97.0,163339.0,8200.0,21.0,1429.0,2157.0,41.0,34.0,57.0,103.0,26.0,1289.0,0.0,0.0,163.0,0.0,24.0,0.0,0.0,0.0,0.0,0.0,0.0,0.0,0.0,0.0,0.0,84.0,2995.0,71.0,21826.0,5700.0,1263.0,833.0,509.0,540.0,299.0,231.0,845.0,0.0,0.0,0.0,11.0,0.0,1240.0,2521.0,941.0,5621.0,166837.0,66678.0,22562.0,42171.0,4591.0,11071.0,757.0,12979.0,18533.0,14808.0,26810.0,5975.0,0.0,0.0,0.0,9.0,2675.0,2995.0,3665.0,6457.0,2359.0,275.0,815.0,0.0,0.0,694.0,7806.0,5715.0,0.0,0.0,0.0,0.0,0.0,42.0,99.0,3061.0,0.0,0.0,0.0,0.0,0.0,0.0,2053.0,0.0,0.0,0.0,0.0,0.0,0.0,3053.0,1814.0,13.0,3952.0,5147.0,325253.0,1151.0,956.0,3529.0,376795.0,21017.0,18699.0,157918.0,1715.0,60967.0,99678.0,5222.0,313492.0,370417.0,156668.0,1487.0,4857.0,298320.0,85157.0,508449.0,639978.0,47084.0,3137.0,5.0,158322.0,15635.0,44243.0,134359.0,1574154.0,1434043.0,2221896.0,59110.0,698607.0,583785.0,236856.0,25965.0,3400505.0
185,83774.0,49683.0,34.0,33339.0,1955.0,20814.0,1504.0,7183.0,9.0,91688.0,1582.0,0.0,15500.0,0.0,2520.0,159712.0,0.0,1428.0,398.0,9326.0,29.0,474.0,627.0,1560.0,1786.0,0.0,0.0,0.0,0.0,2754.0,149468.0,14228.0,0.0,0.0,0.0,0.0,152079.0,13551.0,8750.0,77.0,656.0,5097.0,25083.0,14012.0,108.0,141002.0,78.0,0.0,34.0,16837.0,594.0,537.0,1186.0,87.0,8809.0,30206.0,2277.0,10579.0,1676.0,19371.0,1620.0,678.0,0.0,0.0,254.0,0.0,0.0,0.0,0.0,18036.0,7995.0,0.0,820.0,43000.0,93831.0,7464.0,352719.0,213014.0,25408.0,22419.0,31841.0,236765.0,23832.0,32470.0,123387.0,4500.0,0.0,0.0,1988.0,0.0,408.0,1341.0,0.0,25526.0,92834.0,63454.0,20248.0,38323.0,4122.0,9939.0,677.0,11882.0,15304.0,56364.0,563877.0,8225.0,63984.0,77666.0,8791.0,213735.0,40172.0,13243.0,41151.0,29065.0,10630.0,1303.0,17600.0,0.0,11997.0,23318.0,621.0,0.0,0.0,0.0,0.0,126.0,0.0,0.0,0.0,0.0,0.0,0.0,0.0,0.0,20739.0,16311.0,2662.0,0.0,17.0,347.0,221.0,250.0,370.0,7937.0,7358.0,648184.0,116018.0,11426.0,13497227.0,39181.0,32448.0,188110.0,1394930.0,334319.0,253448.0,2011518.0,2909.0,3847825.0,495851.0,284367.0,877635.0,1890440.0,304107.0,6230.0,36099.0,128567.0,792239.0,2732299.0,1457899.0,62666.0,361929.0,54.0,1922.0,120401.0,546571.0,312091.0,1376220.0,166317.0,1039980.0,45542.0,1637886.0,597142.0,226952.0,34995.0,4609407.0
